SOPID,RACI_Responsible,RACI_Accountable,RACI_Consulted,RACI_Informed,Roles_RACI
9.1.050,Foreman,Project Manager,Estimator;Purchasing,,Estimator;Foreman;Project Manager;Purchasing
9.2.005,Project Manager,Branch Manager,Estimator;General Superintendent,,Branch Manager;Estimator;General Superintendent;Project Manager
9.2.010,Project Manager,Project Manager,Branch Manager;General Superintendent;Prefab Lead;Purchasing;Safety Coordinator,Branch Manager;General Superintendent,Branch Manager;General Superintendent;Prefab Lead;Project Manager;Purchasing;Safety Coordinator
9.2.015,Project Manager,Project Manager,Estimator,Branch Manager;Foreman;General Superintendent;Prefab Lead;Project Manager;Safety Coordinator,Branch Manager;Estimator;Foreman;General Superintendent;Prefab Lead;Project Manager;Safety Coordinator
9.2.020,Foreman,Project Manager,,General Superintendent,Foreman;General Superintendent;Project Manager
9.2.030,Project Manager,Project Manager,,,Project Manager
9.2.040,Project Manager,Project Manager,,,Project Manager
9.2.050,Foreman,Project Manager,,,Foreman;Project Manager
9.2.055,Project Manager,Project Manager,Estimator,General Superintendent,Estimator;General Superintendent;Project Manager
9.2.057,Foreman,Project Manager,Estimator,,Estimator;Foreman;Project Manager
9.2.060,Foreman,Project Manager,,General Superintendent;Project Manager,Foreman;General Superintendent;Project Manager
9.2.070,General Superintendent,Project Manager,General Superintendent,,General Superintendent;Project Manager
9.2.080,Foreman,Project Manager,,,Foreman;Project Manager
9.2.090,Project Manager,Project Manager,Estimator,General Superintendent,Estimator;General Superintendent;Project Manager
9.2.100,General Superintendent,Project Manager,Foreman;Safety Coordinator,,Foreman;General Superintendent;Project Manager;Safety Coordinator
9.2.110,Project Manager,Project Manager,Purchasing,General Superintendent,General Superintendent;Project Manager;Purchasing
9.2.120,Foreman,Project Manager,Purchasing,,Foreman;Project Manager;Purchasing
9.2.130,Foreman,Project Manager,Purchasing,General Superintendent,Foreman;General Superintendent;Project Manager;Purchasing
9.2.140,Accounting,Project Manager,Estimator,,Accounting;Estimator;Project Manager
9.2.160,Project Manager,Branch Manager,General Superintendent;Purchasing,,Branch Manager;General Superintendent;Project Manager;Purchasing
9.3.010,Site Administrator,Project Manager,,General Superintendent;IT/Communications,General Superintendent;IT/Communications;Project Manager;Site Administrator
9.3.020,Foreman,Project Manager,,,Foreman;Project Manager
9.3.030,Foreman,Project Manager,,Security Personnel,Foreman;Project Manager;Security Personnel
9.3.040,Foreman,Project Manager,,,Foreman;Project Manager
9.3.050,Foreman,Project Manager,,,Foreman;Project Manager
9.3.060,Foreman,Project Manager,,,Foreman;Project Manager
9.3.070,Foreman,Project Manager,,,Foreman;Project Manager
9.3.080,Foreman,Project Manager,,,Foreman;Project Manager
9.3.090,Foreman,Project Manager,,Security Personnel,Foreman;Project Manager;Security Personnel
9.3.100,Foreman,Project Manager,,,Foreman;Project Manager
9.3.110,Foreman,Project Manager,,Equipment Operators,Equipment Operators;Foreman;Project Manager
9.3.120,Foreman,Project Manager,,,Foreman;Project Manager
9.3.470,Foreman,Project Manager,,,Foreman;Project Manager
9.4.010,Foreman,Project Manager,,Design Team / Consultants,Design Team / Consultants;Foreman;Project Manager
9.4.020,Foreman,Project Manager,,,Foreman;Project Manager
9.4.030,Project Manager,Project Manager,Client/Owner,,Client/Owner;Project Manager
9.4.040,Foreman,Project Manager,,All Employees;General Superintendent;Prefab Lead,All Employees;Foreman;General Superintendent;Prefab Lead;Project Manager
9.4.050,Prefab Lead,Project Manager,Foreman;General Superintendent,,Foreman;General Superintendent;Prefab Lead;Project Manager
9.4.060,Foreman,Project Manager,,Quality Inspector,Foreman;Project Manager;Quality Inspector
9.4.190,Project Manager,Project Manager,Asst. Project Manager;Branch Manager;General Superintendent;Site Administrator,Foreman,Asst. Project Manager;Branch Manager;Foreman;General Superintendent;Project Manager;Site Administrator
9.4.195,Site Administrator,Project Manager,,,Project Manager;Site Administrator
9.4.200,Subcontractors,Project Manager,Purchasing,,Project Manager;Purchasing;Subcontractors
9.4.205,Subcontractors,Project Manager,,,Project Manager;Subcontractors
9.4.210,Site Administrator,Project Manager,,,Project Manager;Site Administrator
9.4.215,Subcontractors,Project Manager,,,Project Manager;Subcontractors
9.4.220,Subcontractors,Project Manager,,,Project Manager;Subcontractors
9.4.225,Subcontractors,Project Manager,,,Project Manager;Subcontractors
9.4.230,Subcontractors,Project Manager,,,Project Manager;Subcontractors
9.4.235,Site Administrator,Project Manager,,Regulatory Authorities,Project Manager;Regulatory Authorities;Site Administrator
9.4.240,Subcontractors,Project Manager,,,Project Manager;Subcontractors
9.4.270,Project Manager,Project Manager,,,Project Manager
9.4.275,Project Manager,Project Manager,,,Project Manager
9.4.280,Project Manager,Project Manager,,,Project Manager
9.4.285,Project Manager,Project Manager,,,Project Manager
9.4.290,Project Manager,Project Manager,,,Project Manager
9.4.295,Project Manager,Project Manager,,,Project Manager
9.4.300,Foreman,Project Manager,,,Foreman;Project Manager
9.4.305,Project Manager,Project Manager,,,Project Manager
9.4.310,Foreman,Project Manager,,,Foreman;Project Manager
9.4.315,Project Manager,Project Manager,,General Superintendent,General Superintendent;Project Manager
9.4.320,Project Manager,Project Manager,,General Superintendent,General Superintendent;Project Manager
9.4.325,Project Manager,Project Manager,,General Superintendent,General Superintendent;Project Manager
9.4.330,Project Manager,Project Manager,,General Superintendent,General Superintendent;Project Manager
9.4.335,Foreman,Project Manager,,General Superintendent,Foreman;General Superintendent;Project Manager
9.4.340,Foreman,Project Manager,,General Superintendent,Foreman;General Superintendent;Project Manager
9.4.345,Foreman,Project Manager,,Design Team / Consultants;General Superintendent,Design Team / Consultants;Foreman;General Superintendent;Project Manager
9.4.350,Site Administrator,Project Manager,,,Project Manager;Site Administrator
9.4.355,Project Manager,Project Manager,,,Project Manager
9.4.360,Site Administrator,Project Manager,Estimator,,Estimator;Project Manager;Site Administrator
9.4.365,Project Manager,Project Manager,Estimator,,Estimator;Project Manager
9.4.370,Project Manager,Project Manager,,,Project Manager
9.4.375,Project Manager,Project Manager,Estimator,,Estimator;Project Manager
9.4.380,Accounting,Project Manager,,,Accounting;Project Manager
9.4.385,Foreman,Project Manager,,,Foreman;Project Manager
9.4.390,Site Administrator,Project Manager,Estimator;Legal Counsel,,Estimator;Legal Counsel;Project Manager;Site Administrator
9.4.400,Accounting,Project Manager,,,Accounting;Project Manager
9.4.405,Accounting,Project Manager,,,Accounting;Project Manager
9.4.410,Accounting,Project Manager,,,Accounting;Project Manager
9.4.415,Accounting,Project Manager,,,Accounting;Project Manager
9.4.420,Accounting,Project Manager,,,Accounting;Project Manager
9.4.425,Accounting,Project Manager,,,Accounting;Project Manager
9.4.430,Accounting,Project Manager,,,Accounting;Project Manager
9.4.435,Accounting,Project Manager,,,Accounting;Project Manager
9.4.440,Project Manager,Project Manager,Client/Owner,,Client/Owner;Project Manager
9.4.445,Accounting,Project Manager,Client/Owner,,Accounting;Client/Owner;Project Manager
9.4.450,Accounting,Project Manager,,,Accounting;Project Manager
9.4.455,Accounting,Project Manager,,,Accounting;Project Manager
9.4.460,Accounting,Project Manager,,,Accounting;Project Manager
9.4.465,Accounting,Project Manager,,,Accounting;Project Manager
9.4.475,Foreman,Project Manager,,,Foreman;Project Manager
9.4.480,Foreman,Project Manager,,,Foreman;Project Manager
9.4.485,Foreman,Project Manager,,,Foreman;Project Manager
9.4.490,Foreman,Project Manager,,,Foreman;Project Manager
9.4.495,Foreman,Project Manager,Legal Counsel,,Foreman;Legal Counsel;Project Manager
9.4.500,Safety Coordinator,Project Manager,,,Project Manager;Safety Coordinator
9.4.505,Safety Coordinator,Project Manager,,,Project Manager;Safety Coordinator
9.4.510,Safety Coordinator,Project Manager,,,Project Manager;Safety Coordinator
9.4.515,Quality Inspector,Project Manager,,,Project Manager;Quality Inspector
9.4.520,Quality Inspector,Project Manager,,,Project Manager;Quality Inspector
9.4.525,Quality Inspector,Project Manager,,,Project Manager;Quality Inspector
9.4.530,Quality Inspector,Project Manager,,,Project Manager;Quality Inspector
9.4.535,Quality Inspector,Project Manager,,,Project Manager;Quality Inspector
9.4.540,Quality Inspector,Project Manager,,,Project Manager;Quality Inspector
9.4.545,Quality Inspector,Project Manager,,,Project Manager;Quality Inspector
9.4.560,General Superintendent,Project Manager,,,General Superintendent;Project Manager
9.4.560,General Superintendent,Project Manager,,,General Superintendent;Project Manager
9.4.565,General Superintendent,Project Manager,,,General Superintendent;Project Manager
9.4.570,General Superintendent,Project Manager,,,General Superintendent;Project Manager
9.4.575,General Superintendent,Project Manager,,,General Superintendent;Project Manager
9.4.580,General Superintendent,Project Manager,,,General Superintendent;Project Manager
9.4.585,General Superintendent,Project Manager,,,General Superintendent;Project Manager
9.4.590,General Superintendent,Project Manager,,,General Superintendent;Project Manager
9.4.595,General Superintendent,Project Manager,,,General Superintendent;Project Manager
9.4.605,Purchasing,Project Manager,,,Project Manager;Purchasing
9.4.610,Purchasing,Project Manager,,,Project Manager;Purchasing
9.4.615,Purchasing,Project Manager,,,Project Manager;Purchasing
9.4.620,Purchasing,Project Manager,,,Project Manager;Purchasing
9.4.625,Purchasing,Project Manager,,,Project Manager;Purchasing
9.4.630,Purchasing,Project Manager,,,Project Manager;Purchasing
9.4.631,Purchasing,Project Manager,,,Project Manager;Purchasing
9.4.635,Purchasing,Project Manager,,,Project Manager;Purchasing
9.4.640,Purchasing,Project Manager,,,Project Manager;Purchasing
9.4.645,Purchasing,Project Manager,,,Project Manager;Purchasing
9.4.650,Purchasing,Project Manager,,,Project Manager;Purchasing
9.4.655,Purchasing,Project Manager,,,Project Manager;Purchasing
9.4.660,Purchasing,Project Manager,,,Project Manager;Purchasing
9.4.665,Purchasing,Project Manager,,,Project Manager;Purchasing
9.4.670,Purchasing,Project Manager,,,Project Manager;Purchasing
9.4.675,General Superintendent,Project Manager,,,General Superintendent;Project Manager
9.4.680,General Superintendent,Project Manager,,,General Superintendent;Project Manager
9.4.690,General Superintendent,Project Manager,,,General Superintendent;Project Manager
9.4.695,General Superintendent,Project Manager,,,General Superintendent;Project Manager
9.4.700,General Superintendent,Project Manager,,,General Superintendent;Project Manager
9.4.705,General Superintendent,Project Manager,,,General Superintendent;Project Manager
9.4.710,General Superintendent,Project Manager,,,General Superintendent;Project Manager
9.4.715,General Superintendent,Project Manager,,,General Superintendent;Project Manager
9.4.720,General Superintendent,Project Manager,,,General Superintendent;Project Manager
9.4.725,General Superintendent,Project Manager,,,General Superintendent;Project Manager
9.4.735,General Superintendent,Project Manager,,,General Superintendent;Project Manager
9.4.745,Asst. Project Manager,Project Manager,Asst. Project Manager;Foreman;General Superintendent;Project Manager;Quality Inspector,Accounting;Asst. Project Manager;Foreman;General Superintendent;Quality Inspector,Accounting;Asst. Project Manager;Foreman;General Superintendent;Project Manager;Quality Inspector
9.4.755,General Superintendent,Project Manager,,,General Superintendent;Project Manager
9.5.015,Project Manager,Branch Manager,,,Branch Manager;Project Manager
9.5.020,Project Manager,Branch Manager,,,Branch Manager;Project Manager
9.5.550,Project Manager,Branch Manager,,,Branch Manager;Project Manager
9.6.005,Project Manager,Project Manager,,,Project Manager
9.6.010,Foreman,Project Manager,Client/Owner,,Client/Owner;Foreman;Project Manager
9.6.020,Subcontractors,Project Manager,,,Project Manager;Subcontractors
9.6.030,Project Manager,Project Manager,,,Project Manager
9.6.030,Project Manager,Project Manager,,,Project Manager
9.6.040,Project Manager,Project Manager,,,Project Manager
9.6.050,Project Manager,Project Manager,,,Project Manager
9.6.050,Project Manager,Project Manager,,,Project Manager
9.6.060,Project Manager,Project Manager,,,Project Manager
9.6.065,Project Manager,Project Manager,,,Project Manager
9.6.070,Project Manager,Project Manager,,,Project Manager
9.6.080,Business Development,Project Manager,,,Business Development;Project Manager
9.6.085,Quality Inspector,Project Manager,,,Project Manager;Quality Inspector
