"SOPID","Title","FileName","Status","Department","Roles_RACI","RACI_R","RACI_A","RACI_C","RACI_I"
,,"Templates",,,"",,,"",""
,,"Appendix",,,"",,,"",""
,,"ARCHIVE",,,"",,,"",""
,"GSL Release Conditions for Wire and Cable","GSL Release Conditions for Wire and Cable.docx","Approved",,"",,,"",""
"9.5.020","Handling and or Disposing of Excess Materials","9.5.020 – Handling and or Disposing of Excess Materials.docx","Draft","Operations","Branch Manager; Project Manager","Project Manager","Branch Manager","",""
,,"GSL_SOP_Master_Template_SHAREPOINT_ENABLED (v1).docx","Draft",,"",,,"",""
"9.2.005","Review Contract for High Risk Clauses","9.2.005 – Review Contract for High Risk Clauses.docx","Draft","Operations","Branch Manager; Estimator; General Superintendent; Project Manager","Project Manager","Branch Manager","Estimator; General Superintendent",""
"9.2.010","Team Selection","9.2.010 – Team Selection.docx","Draft","Operations","Branch Manager; General Superintendent; Prefab Lead; Project Manager; Purchasing; Safety Coordinator","Project Manager","Project Manager","Branch Manager; General Superintendent; Prefab Lead; Purchasing; Safety Coordinator","Branch Manager; General Superintendent"
"9.2.015","Project Turnover Meeting","9.2.015 – Project Turnover Meeting.docx","Draft","Operations","Branch Manager; Estimator; Foreman; General Superintendent; Prefab Lead; Project Manager; Safety Coordinator","Project Manager","Project Manager","Estimator","Branch Manager; Foreman; General Superintendent; Prefab Lead; Project Manager; Safety Coordinator"
"9.2.020","Procurement of Large Feeder Wire","9.2.020 – Procurement of Large Feeder Wire.docx","Draft","Operations","Foreman; General Superintendent; Project Manager","Foreman","Project Manager","","General Superintendent"
"9.2.030","Review Contract for Unfavorable or High Risk Clauses","9.2.030 – Review Contract for Unfavorable or High Risk Clauses.docx","Draft","Operations","Project Manager","Project Manager","Project Manager","",""
"9.2.040","Project Manager Reviews Plans, Specifications & Schedule","9.2.040 – Project Manager Reviews Plans, Specifications & Schedule.docx","Draft","Operations","Project Manager","Project Manager","Project Manager","",""
"9.2.050","Field Supervisor Reviews Plans, Specifications & Schedule","9.2.050 – Field Supervisor Reviews Plans, Specifications & Schedule.docx","Draft","Operations","Foreman; Project Manager","Foreman","Project Manager","",""
"9.2.057","Identify VE and Prefabrication Opportunities","9.2.057 – Identify VE and Prefabrication Opportunities.docx","Draft","Operations","Estimator; Foreman; Project Manager","Foreman","Project Manager","Estimator",""
"9.2.060","Create Issue List and Begin RFI Process","9.2.060 – Create Issue List and Begin RFI Process.docx","Draft","Operations","Foreman; General Superintendent; Project Manager","Foreman","Project Manager","","General Superintendent; Project Manager"
"9.2.070","Conduct Site Visit","9.2.070 – Conduct Site Visit.docx","Draft","Operations","General Superintendent; Project Manager","General Superintendent","Project Manager","General Superintendent",""
"9.2.080","Prepare Material Handling Plan","9.2.080 – Prepare Material Handling Plan.docx","Draft","Operations","Foreman; Project Manager","Foreman","Project Manager","",""
"9.2.090","Develop Labor Budget","9.2.090 – Develop Labor Budget.docx","Draft","Operations","Estimator; General Superintendent; Project Manager","Project Manager","Project Manager","Estimator","General Superintendent"
"9.2.100","Prepare Layout & Sequencing Plan","9.2.100 – Prepare Layout & Sequencing Plan.docx","Draft","Operations","Foreman; General Superintendent; Project Manager; Safety Coordinator","General Superintendent","Project Manager","Foreman; Safety Coordinator",""
"9.2.110","Develop Project Schedule","9.2.110 – Develop Project Schedule.docx","Draft","Operations","General Superintendent; Project Manager; Purchasing","Project Manager","Project Manager","Purchasing","General Superintendent"
"9.2.120","Establish Tracking & Control Systems","9.2.120 – Establish Tracking & Control Systems.docx","Draft","Operations","Foreman; Project Manager; Purchasing","Foreman","Project Manager","Purchasing",""
"9.2.130","Construction Execution Kickoff Meeting","9.2.130 – Construction Execution Kickoff Meeting.docx","Draft","Operations","Foreman; General Superintendent; Project Manager; Purchasing","Foreman","Project Manager","Purchasing","General Superintendent"
"9.2.140","Develop Project Budget","9.2.140 – Develop Project Budget.docx","Draft","Operations","Accounting; Estimator; Project Manager","Accounting","Project Manager","Estimator",""
"9.2.160","Develop Procurement Plan","9.2.160 – Develop Procurement Plan.docx","Draft","Operations","Branch Manager; General Superintendent; Project Manager; Purchasing","Project Manager","Branch Manager","General Superintendent; Purchasing",""
"9.3.010","Setup Office Trailer","9.3.010 – Setup Office Trailer.docx","Draft","Operations","General Superintendent; IT/Communications; Project Manager; Site Administrator","Site Administrator","Project Manager","","General Superintendent; IT/Communications"
"9.3.020","Setup Storage Trailer","9.3.020 – Setup Storage Trailer.docx","Draft","Operations","Foreman; Project Manager","Foreman","Project Manager","",""
"9.3.030","Setup Site Fencing and Access Control","9.3.030 – Setup Site Fencing and Access Control.docx","Draft","Operations","Foreman; Project Manager; Security Personnel","Foreman","Project Manager","","Security Personnel"
"9.3.040","Setup Temporary Power","9.3.040 – Setup Temporary Power.docx","Draft","Operations","Foreman; Project Manager","Foreman","Project Manager","",""
"9.3.050","Setup Temporary Water","9.3.050 – Setup Temporary Water.docx","Draft","Operations","Foreman; Project Manager","Foreman","Project Manager","",""
"9.3.060","Setup Sanitary Facilities","9.3.060 – Setup Sanitary Facilities.docx","Draft","Operations","Foreman; Project Manager","Foreman","Project Manager","",""
"9.3.070","Setup Temporary Lighting","9.3.070 – Setup Temporary Lighting.docx","Draft","Operations","Foreman; Project Manager","Foreman","Project Manager","",""
"9.3.080","Setup Signage","9.3.080 – Setup Signage.docx","Draft","Operations","Foreman; Project Manager","Foreman","Project Manager","",""
"9.3.090","Setup Security","9.3.090 – Setup Security.docx","Draft","Operations","Foreman; Project Manager; Security Personnel","Foreman","Project Manager","","Security Personnel"
"9.3.100","Setup Laydown Area","9.3.100 – Setup Laydown Area.docx","Draft","Operations","Foreman; Project Manager","Foreman","Project Manager","",""
"9.3.110","Setup Equipment Staging","9.3.110 – Setup Equipment Staging.docx","Draft","Operations","Equipment Operators; Foreman; Project Manager","Foreman","Project Manager","","Equipment Operators"
"9.3.120","Setup Parking","9.3.120 – Setup Parking.docx","Draft","Operations","Foreman; Project Manager","Foreman","Project Manager","",""
"9.3.470","Develop Site Specific Safety Plan","9.3.470 – Develop Site Specific Safety Plan.docx","Draft","Operations","Foreman; Project Manager","Foreman","Project Manager","",""
"9.4.010","Conduct Coordination Meetings","9.4.010 – Conduct Coordination Meetings.docx","Draft","Operations","Design Team / Consultants; Foreman; Project Manager","Foreman","Project Manager","","Design Team / Consultants"
"9.4.020","Conduct Subcontractor Coordination Meetings","9.4.020 – Conduct Subcontractor Coordination Meetings.docx","Draft","Operations","Foreman; Project Manager","Foreman","Project Manager","",""
"9.4.030","Conduct Client Owner Meetings","9.4.030 – Conduct Client Owner Meetings.docx","Draft","Operations","Client/Owner; Project Manager","Project Manager","Project Manager","Client/Owner",""
"9.4.040","Compare Estimated vs. Planned Performance","9.2.055 – Compare Estimated vs Planned Performance.docx","Draft","Operations","All Employees; Foreman; General Superintendent; Prefab Lead; Project Manager","Foreman","Project Manager","","All Employees; General Superintendent; Prefab Lead"
"9.4.040","Conduct Safety Meetings","9.4.040 – Conduct Safety Meetings.docx","Draft","Operations","All Employees; Foreman; General Superintendent; Prefab Lead; Project Manager","Foreman","Project Manager","","All Employees; General Superintendent; Prefab Lead"
"9.4.045","Identify Value Engineering & Prefabrication Opportunities","9.4.045 – Identify Value Engineering & Prefabrication Opportunities.docx","Draft","Operations","Estimator; General Superintendent; Prefab Lead; Project Manager","Project Manager","Project Manager","Estimator; General Superintendent; Prefab Lead",""
"9.4.050","Conduct Prefabrication Coordination Meetings","9.4.050 – Conduct Prefabrication Coordination Meetings.docx","Draft","Operations","Foreman; General Superintendent; Prefab Lead; Project Manager","Prefab Lead","Project Manager","Foreman; General Superintendent",""
"9.1.050","Prepare Construction Takeoff","9.1.050 – Prepare Construction Takeoff.docx","Draft","Operations","Estimator; Lead Estimator; Chief Estimator","Estimator","Lead Estimator","Branch Manager; Lead Estimator; Chief Estimator","Branch Manager; Lead Estimator; Chief Estimator"
"9.4.055","1 Procurement of Large Feeder Wire","9.4.055 – 1 Procurement of Large Feeder Wire.docx","Draft","Operations","Foreman; General Superintendent; Project Manager; Purchasing","Purchasing","Project Manager","General Superintendent","Foreman"
"9.4.060","Conduct Quality Meetings","9.4.060 – Conduct Quality Meetings.docx","Draft","Operations","Foreman; Project Manager; Quality Inspector","Foreman","Project Manager","","Quality Inspector"
"9.4.190","A Document Filing Standards","9.4.190 – A Document Filing Standards.docx","Draft","Operations","Asst. Project Manager; Branch Manager; Foreman; General Superintendent; Project Manager; Site Administrator","Project Manager","Project Manager","Asst. Project Manager; Branch Manager; General Superintendent; Site Administrator","Foreman"
"9.4.195","Manage Project Documentation System","9.4.195 – Manage Project Documentation System.docx","Draft","Operations","Project Manager; Site Administrator","Site Administrator","Project Manager","",""
"9.4.200","Manage Submittals","9.4.200 – Manage Submittals.docx","Draft","Operations","Project Manager; Purchasing; Subcontractors","Subcontractors","Project Manager","Purchasing",""
"9.4.205","Manage RF Is (Requests for Information)","9.4.205 – Manage RF Is (Requests for Information).docx","Draft","Operations","Project Manager; Subcontractors","Subcontractors","Project Manager","",""
"9.4.210","Manage Meeting Minutes","9.4.210 – Manage Meeting Minutes.docx","Draft","Operations","Project Manager; Site Administrator","Site Administrator","Project Manager","",""
"9.4.215","Manage Daily Reports","9.4.215 – Manage Daily Reports.docx","Draft","Operations","Project Manager; Subcontractors","Subcontractors","Project Manager","",""
"9.4.220","Manage Drawing Logs","9.4.220 – Manage Drawing Logs.docx","Draft","Operations","Project Manager; Subcontractors","Subcontractors","Project Manager","",""
"9.4.225","Manage Specifications","9.4.225 – Manage Specifications.docx","Draft","Operations","Project Manager; Subcontractors","Subcontractors","Project Manager","",""
"9.4.230","Manage Correspondence","9.4.230 – Manage Correspondence.docx","Draft","Operations","Project Manager; Subcontractors","Subcontractors","Project Manager","",""
"9.4.235","Manage Permits","9.4.235 – Manage Permits.docx","Draft","Operations","Project Manager; Regulatory Authorities; Site Administrator","Site Administrator","Project Manager","","Regulatory Authorities"
"9.4.240","Manage Inspection Reports","9.4.240 – Manage Inspection Reports.docx","Draft","Operations","Project Manager; Subcontractors","Subcontractors","Project Manager","",""
"9.4.270","Manage Project Communications","9.4.270 – Manage Project Communications.docx","Draft","Operations","Project Manager","Project Manager","Project Manager","",""
"9.4.275","Manage Internal Communications","9.4.275 – Manage Internal Communications.docx","Draft","Operations","Project Manager","Project Manager","Project Manager","",""
"9.4.280","Manage External Communications","9.4.280 – Manage External Communications.docx","Draft","Operations","Project Manager","Project Manager","Project Manager","",""
"9.4.285","Manage Client Owner Communications","9.4.285 – Manage Client Owner Communications.docx","Draft","Operations","Project Manager","Project Manager","Project Manager","",""
"9.4.290","Manage Subcontractor Communications","9.4.290 – Manage Subcontractor Communications.docx","Draft","Operations","Project Manager","Project Manager","Project Manager","",""
"9.4.295","Manage Vendor Supplier Communications","9.4.295 – Manage Vendor Supplier Communications.docx","Draft","Operations","Project Manager","Project Manager","Project Manager","",""
"9.4.300","Manage Architect Engineer Communications","9.4.300 – Manage Architect Engineer Communications.docx","Draft","Operations","Foreman; Project Manager","Foreman","Project Manager","",""
"9.4.305","Manage Regulatory Authority Communications","9.4.305 – Manage Regulatory Authority Communications.docx","Draft","Operations","Project Manager","Project Manager","Project Manager","",""
"9.4.310","Manage General Contractor Communications","9.4.310 – Manage General Contractor Communications.docx","Draft","Operations","Foreman; Project Manager","Foreman","Project Manager","",""
"9.4.315","Develop Project Schedule","9.4.315 – Develop Project Schedule.docx","Draft","Operations","General Superintendent; Project Manager","Project Manager","Project Manager","","General Superintendent"
"9.4.320","Update Project Schedule","9.4.320 – Update Project Schedule.docx","Draft","Operations","General Superintendent; Project Manager","Project Manager","Project Manager","","General Superintendent"
"9.4.325","Monitor Schedule Performance","9.4.325 – Monitor Schedule Performance.docx","Draft","Operations","General Superintendent; Project Manager","Project Manager","Project Manager","","General Superintendent"
"9.4.330","Develop Schedule Recovery Plans","9.4.330 – Develop Schedule Recovery Plans.docx","Draft","Operations","General Superintendent; Project Manager","Project Manager","Project Manager","","General Superintendent"
"9.4.335","Prepare Lookahead Schedules","9.4.335 – Prepare Lookahead Schedules.docx","Draft","Operations","Foreman; General Superintendent; Project Manager","Foreman","Project Manager","","General Superintendent"
"9.4.340","Manage Resource Loaded Schedules","9.4.340 – Manage Resource Loaded Schedules.docx","Draft","Operations","Foreman; General Superintendent; Project Manager","Foreman","Project Manager","","General Superintendent"
"9.4.345","Conduct Schedule Review Meetings","9.4.345 – Conduct Schedule Review Meetings.docx","Draft","Operations","Design Team / Consultants; Foreman; General Superintendent; Project Manager","Foreman","Project Manager","","Design Team / Consultants; General Superintendent"
"9.4.350","Manage Schedule Change Requests","9.4.350 – Manage Schedule Change Requests.docx","Draft","Operations","Project Manager; Site Administrator","Site Administrator","Project Manager","",""
"9.4.355","Manage Project Scope","9.4.355 – Manage Project Scope.docx","Draft","Operations","Project Manager","Project Manager","Project Manager","",""
"9.4.360","Manage Change Orders","9.4.360 – Manage Change Orders.docx","Draft","Operations","Estimator; Project Manager; Site Administrator","Site Administrator","Project Manager","Estimator",""
"9.4.370","Manage Owner Directives","9.4.370 – Manage Owner Directives.docx","Draft","Operations","Project Manager","Project Manager","Project Manager","",""
"9.4.375","Manage Scope Clarifications","9.4.375 – Manage Scope Clarifications.docx","Draft","Operations","Estimator; Project Manager","Project Manager","Project Manager","Estimator",""
"9.4.380","Manage Backcharges","9.4.380 – Manage Backcharges.docx","Draft","Operations","Accounting; Project Manager","Accounting","Project Manager","",""
"9.4.385","Manage Force Account Work","9.4.385 – Manage Force Account Work.docx","Draft","Operations","Foreman; Project Manager","Foreman","Project Manager","",""
"9.4.390","Manage Claims","9.4.390 – Manage Claims.docx","Draft","Operations","Estimator; Legal Counsel; Project Manager; Site Administrator","Site Administrator","Project Manager","Estimator; Legal Counsel",""
"9.4.400","Monitor Project Costs","9.4.400 – Monitor Project Costs.docx","Draft","Operations","Accounting; Project Manager","Accounting","Project Manager","",""
"9.4.405","Manage Cost Forecasts","9.4.405 – Manage Cost Forecasts.docx","Draft","Operations","Accounting; Project Manager","Accounting","Project Manager","",""
"9.4.410","Manage Cost Codes","9.4.410 – Manage Cost Codes.docx","Draft","Operations","Accounting; Project Manager","Accounting","Project Manager","",""
"9.4.415","Manage Committed Costs","9.4.415 – Manage Committed Costs.docx","Draft","Operations","Accounting; Project Manager","Accounting","Project Manager","",""
"9.4.420","Manage Actual Costs","9.4.420 – Manage Actual Costs.docx","Draft","Operations","Accounting; Project Manager","Accounting","Project Manager","",""
"9.4.425","Manage Job Cost Reports","9.4.425 – Manage Job Cost Reports.docx","Draft","Operations","Accounting; Project Manager","Accounting","Project Manager","",""
"9.4.430","Manage Profit Projections","9.4.430 – Manage Profit Projections.docx","Draft","Operations","Accounting; Project Manager","Accounting","Project Manager","",""
"9.4.435","Manage Cost to Complete","9.4.435 – Manage Cost to Complete.docx","Draft","Operations","Accounting; Project Manager","Accounting","Project Manager","",""
"9.4.440","Prepare Billing Schedule","9.4.440 – Prepare Billing Schedule.docx","Draft","Operations","Client/Owner; Project Manager","Project Manager","Project Manager","Client/Owner",""
"9.4.445","Prepare Monthly Pay Applications","9.4.445 – Prepare Monthly Pay Applications.docx","Draft","Operations","Accounting; Client/Owner; Project Manager","Accounting","Project Manager","Client/Owner",""
"9.4.450","Track Accounts Receivable","9.4.450 – Track Accounts Receivable.docx","Draft","Operations","Accounting; Project Manager","Accounting","Project Manager","",""
"9.4.455","Manage Lien Waivers","9.4.455 – Manage Lien Waivers.docx","Draft","Operations","Accounting; Project Manager","Accounting","Project Manager","",""
"9.4.460","Manage Retainage","9.4.460 – Manage Retainage.docx","Draft","Operations","Accounting; Project Manager","Accounting","Project Manager","",""
"9.4.465","Manage Final Invoicing","9.4.465 – Manage Final Invoicing.docx","Draft","Operations","Accounting; Project Manager","Accounting","Project Manager","",""
"9.4.475","Conduct Safety Orientation","9.4.475 – Conduct Safety Orientation.docx","Draft","Operations","Foreman; Project Manager","Foreman","Project Manager","",""
"9.4.480","Conduct Safety Inspections","9.4.480 – Conduct Safety Inspections.docx","Draft","Operations","Foreman; Project Manager","Foreman","Project Manager","",""
"9.4.485","Conduct Safety Meetings","9.4.485 – Conduct Safety Meetings.docx","Draft","Operations","Foreman; Project Manager","Foreman","Project Manager","",""
"9.4.490","Report Safety Incidents","9.4.490 – Report Safety Incidents.docx","Draft","Operations","Foreman; Project Manager","Foreman","Project Manager","",""
"9.4.495","Investigate Accidents","9.4.495 – Investigate Accidents.docx","Draft","Operations","Foreman; Legal Counsel; Project Manager","Foreman","Project Manager","Legal Counsel",""
"9.4.500","Conduct Emergency Preparedness","9.4.500 – Conduct Emergency Preparedness.docx","Draft","Operations","Project Manager; Safety Coordinator","Safety Coordinator","Project Manager","",""
"9.4.505","Conduct Safety Compliance Audits","9.4.505 – Conduct Safety Compliance Audits.docx","Draft","Operations","Project Manager; Safety Coordinator","Safety Coordinator","Project Manager","",""
"9.4.510","Provide Safety Training","9.4.510 – Provide Safety Training.docx","Draft","Operations","Project Manager; Safety Coordinator","Safety Coordinator","Project Manager","",""
"9.4.515","Develop Quality Management Plan","9.4.515 – Develop Quality Management Plan.docx","Draft","Operations","Project Manager; Quality Inspector","Quality Inspector","Project Manager","",""
"9.4.520","Conduct Quality Meetings","9.4.520 – Conduct Quality Meetings.docx","Draft","Operations","Project Manager; Quality Inspector","Quality Inspector","Project Manager","",""
"9.4.525","Conduct Quality Inspections","9.4.525 – Conduct Quality Inspections.docx","Draft","Operations","Project Manager; Quality Inspector","Quality Inspector","Project Manager","",""
"9.4.530","Manage Quality Testing","9.4.530 – Manage Quality Testing.docx","Draft","Operations","Project Manager; Quality Inspector","Quality Inspector","Project Manager","",""
"9.4.535","Manage Nonconformance Reports (NC Rs)","9.4.535 – Manage Nonconformance Reports (NC Rs).docx","Draft","Operations","Project Manager; Quality Inspector","Quality Inspector","Project Manager","",""
"9.4.540","Manage Quality Records","9.4.540 – Manage Quality Records.docx","Draft","Operations","Project Manager; Quality Inspector","Quality Inspector","Project Manager","",""
"9.4.545","Manage Punch List Quality","9.4.545 – Manage Punch List Quality.docx","Draft","Operations","Project Manager; Quality Inspector","Quality Inspector","Project Manager","",""
"9.4.560","Manage Manpower Allocation","9.4.560 – Manage Manpower Allocation.docx","Draft","Operations","General Superintendent; Project Manager","General Superintendent","Project Manager","",""
"9.4.565","Manage Equipment Allocation","9.4.565 – Manage Equipment Allocation.docx","Draft","Operations","General Superintendent; Project Manager","General Superintendent","Project Manager","",""
"9.4.570","Manage Material Allocation","9.4.570 – Manage Material Allocation.docx","Draft","Operations","General Superintendent; Project Manager","General Superintendent","Project Manager","",""
"9.4.576","Manage Subcontractor Resources","9.4.576 – Manage Subcontractor Resources.docx","Draft","Operations","General Superintendent; Project Manager","Project Manager","Project Manager","General Superintendent",""
"9.4.580","Manage Vendor Resources","9.4.580 – Manage Vendor Resources.docx","Draft","Operations","General Superintendent; Project Manager","General Superintendent","Project Manager","",""
"9.4.585","Plan Prefabrication Resources","9.4.585 – Plan Prefabrication Resources.docx","Draft","Operations","General Superintendent; Project Manager","General Superintendent","Project Manager","",""
"9.4.590","Manage Specialty Contractor Resources","9.4.590 – Manage Specialty Contractor Resources.docx","Draft","Operations","General Superintendent; Project Manager","General Superintendent","Project Manager","",""
"9.4.595","Prepare Resource Reports","9.4.595 – Prepare Resource Reports.docx","Draft","Operations","General Superintendent; Project Manager","General Superintendent","Project Manager","",""
"9.4.605","Issue Purchase Orders","9.4.605 – Issue Purchase Orders.docx","Draft","Operations","Project Manager; Purchasing","Purchasing","Project Manager","",""
"9.4.610","Manage Vendor Prequalification","9.4.610 – Manage Vendor Prequalification.docx","Draft","Operations","Project Manager; Purchasing","Purchasing","Project Manager","",""
"9.4.615","Manage Vendor Evaluations","9.4.615 – Manage Vendor Evaluations.docx","Draft","Operations","Project Manager; Purchasing","Purchasing","Project Manager","",""
"9.4.620","Manage Expediting","9.4.620 – Manage Expediting.docx","Draft","Operations","Project Manager; Purchasing","Purchasing","Project Manager","",""
"9.4.625","Manage Delivery Tracking","9.4.625 – Manage Delivery Tracking.docx","Draft","Operations","Project Manager; Purchasing","Purchasing","Project Manager","",""
"9.4.630","Manage Material Receiving","9.4.630 – Manage Material Receiving.docx","Draft","Operations","Project Manager; Purchasing","Purchasing","Project Manager","",""
"9.4.631","Release of Large Feeder Wire","9.4.631 – Release of Large Feeder Wire.docx","Draft","Operations","Project Manager; Purchasing","Purchasing","Project Manager","",""
"9.4.635","Manage Material Inspection","9.4.635 – Manage Material Inspection.docx","Draft","Operations","Project Manager; Purchasing","Purchasing","Project Manager","",""
"9.4.640","Manage Storage and Logistics","9.4.640 – Manage Storage and Logistics.docx","Draft","Operations","Project Manager; Purchasing","Purchasing","Project Manager","",""
"9.4.645","Manage Material Handling","9.4.645 – Manage Material Handling.docx","Draft","Operations","Project Manager; Purchasing","Purchasing","Project Manager","",""
"9.4.650","Manage Inventory","9.4.650 – Manage Inventory.docx","Draft","Operations","Project Manager; Purchasing","Purchasing","Project Manager","",""
"9.4.655","Prepare Procurement Reports","9.4.655 – Prepare Procurement Reports.docx","Draft","Operations","Project Manager; Purchasing","Purchasing","Project Manager","",""
"9.4.660","Manage Procurement Closeout","9.4.660 – Manage Procurement Closeout.docx","Draft","Operations","Project Manager; Purchasing","Purchasing","Project Manager","",""
"9.4.665","Reconcile Procurement Accounts","9.4.665 – Reconcile Procurement Accounts.docx","Draft","Operations","Project Manager; Purchasing","Purchasing","Project Manager","",""
"9.4.670","Manage Vendor Closeout","9.4.670 – Manage Vendor Closeout.docx","Draft","Operations","Project Manager; Purchasing","Purchasing","Project Manager","",""
"9.4.675","Conduct Daily Huddles","9.4.675 – Conduct Daily Huddles.docx","Draft","Operations","General Superintendent; Project Manager","General Superintendent","Project Manager","",""
"9.4.680","Conduct Weekly Foreman Meetings","9.4.680 – Conduct Weekly Foreman Meetings.docx","Draft","Operations","General Superintendent; Project Manager","General Superintendent","Project Manager","",""
"9.4.690","Track Manpower Utilization","9.4.690 – Track Manpower Utilization.docx","Draft","Operations","General Superintendent; Project Manager","General Superintendent","Project Manager","",""
"9.4.695","Track Production Quantities","9.4.695 – Track Production Quantities.docx","Draft","Operations","General Superintendent; Project Manager","General Superintendent","Project Manager","",""
"9.4.700","Track Equipment Utilization","9.4.700 – Track Equipment Utilization.docx","Draft","Operations","General Superintendent; Project Manager","General Superintendent","Project Manager","",""
"9.4.705","Manage Work Packaging","9.4.705 – Manage Work Packaging.docx","Draft","Operations","General Superintendent; Project Manager","General Superintendent","Project Manager","",""
"9.4.710","Manage Workface Planning","9.4.710 – Manage Workface Planning.docx","Draft","Operations","General Superintendent; Project Manager","General Superintendent","Project Manager","",""
"9.4.715","Manage Field Coordination","9.4.715 – Manage Field Coordination.docx","Draft","Operations","General Superintendent; Project Manager","General Superintendent","Project Manager","",""
"9.4.720","Conduct Productivity Analysis","9.4.720 – Conduct Productivity Analysis.docx","Draft","Operations","General Superintendent; Project Manager","General Superintendent","Project Manager","",""
"9.4.725","Resolve Field Problems","9.4.725 – Resolve Field Problems.docx","Draft","Operations","General Superintendent; Project Manager","General Superintendent","Project Manager","",""
"9.4.735","Perform Field Quality Verifications","9.4.735 – Perform Field Quality Verifications.docx","Draft","Operations","General Superintendent; Project Manager","General Superintendent","Project Manager","",""
"9.4.745","Manage Field Rework","9.4.745 – Manage Field Rework.docx","Draft","Operations","Accounting; Asst. Project Manager; Foreman; General Superintendent; Project Manager; Quality Inspector","Asst. Project Manager","Project Manager","Asst. Project Manager; Foreman; General Superintendent; Project Manager; Quality Inspector","Accounting; Asst. Project Manager; Foreman; General Superintendent; Quality Inspector"
"9.4.755","Implement Field Productivity Improvements","9.4.755 – Implement Field Productivity Improvements.docx","Draft","Operations","General Superintendent; Project Manager","General Superintendent","Project Manager","",""
"9.5.550","Manage Commissioning Activities","9.5.550 – Manage Commissioning Activities.docx","Draft","Operations","Branch Manager; Project Manager","Project Manager","Branch Manager","",""
"9.6.005","Prepare for Turnover (Field Perspective)","9.6.005 – Prepare for Turnover (Field Perspective).docx","Draft","Operations","Project Manager","Project Manager","Project Manager","",""
"9.6.010","Conduct Closeout Meetings","9.6.010 – Conduct Closeout Meetings.docx","Draft","Operations","Client/Owner; Foreman; Project Manager","Foreman","Project Manager","Client/Owner",""
"9.6.015","Manage Project Turnover Documentation","9.6.015 – Manage Project Turnover Documentation.docx","Draft","Operations","General Superintendent; Project Manager; Site Administrator","Project Manager","Project Manager","General Superintendent; Site Administrator",""
"9.6.020","Manage Punch List Closeout","9.6.020 – Manage Punch List Closeout.docx","Draft","Operations","Project Manager; Subcontractors","Subcontractors","Project Manager","",""
"9.6.030","Manage As Built Drawings","9.6.030 – Manage As Built Drawings.docx","Draft","Operations","Project Manager","Project Manager","Project Manager","",""
"9.6.035","Submit Warranties","9.6.035 – Submit Warranties.docx","Draft","Operations","Project Manager; Purchasing","Project Manager","Project Manager","Purchasing",""
"9.6.040","Submit O&M Manuals","9.6.040 – Submit O&M Manuals.docx","Draft","Operations","Project Manager","Project Manager","Project Manager","",""
"9.6.050","Provide Owner Training","9.6.050 – Provide Owner Training.docx","Draft","Operations","Project Manager","Project Manager","Project Manager","",""
"9.6.065","Archive Project Documentation","9.6.065 – Archive Project Documentation.docx","Draft","Operations","Project Manager","Project Manager","Project Manager","",""
"9.6.070","Conduct Post Project Review","9.6.070 – Conduct Post Project Review.docx","Draft","Operations","Project Manager","Project Manager","Project Manager","",""
"9.6.080","Capture Client Feedback","9.6.080 – Capture Client Feedback.docx","Draft","Operations","Business Development; Project Manager","Business Development","Project Manager","",""
"9.6.085","Document Lessons Learned","9.6.085 – Document Lessons Learned.docx","Draft","Operations","Project Manager; Quality Inspector","Quality Inspector","Project Manager","",""
"9.4.365","Manage Potential Change Orders (PCOs)","9.4.365 – Manage Potential Change Orders (PCOs).docx","Draft",,"Estimator; Project Manager","Project Manager","Project Manager","Estimator",""
