Slug;Code;Title;Series;Type;UUID;Locale;Lessons;Quiz;KC;Skills
6900d60b-d412-4bc1-aab7-d068f5c8eb0e;ACC-00;Advanced Trimble Accubid Classic Pro;ACC;SKILLS;Y;Y;22;;Y;SK-113, SK-006, SK-055
learning-accubid-pro-scorm12-c6av2ijj;ACC-01;Learning Accubid Pro;ACC;SKILLS;;Y;39;;Y;SK-113, SK-115, SK-055
the-art-of-presenting-1-of-3-scorm12-8zxc6t4x;AOP-00;The Art of Presenting - 1 of 3;AOP;SKILLS;;;0;;;SK-102
the-art-of-presenting-2-of-3-scorm12-l_ebmf_n;AOP-01;The Art of Presenting - 2 of 3;AOP;SKILLS;;;0;;;SK-102
the-art-of-presenting-3-of-3-scorm12-medonbco;AOP-02;The Art of Presenting - 3 of 3;AOP;SKILLS;;;0;;;SK-102
the-art-of-presenting-chapter-1-the-power-of-great-presenting-scorm12-vamagq-w;AOP-03;The Art of Presenting - Chapter 1: The Power of Great Presenting;AOP;SKILLS;;;0;;;SK-102
the-art-of-presenting-chapter-2-the-givers-mindset-scorm12-ku2y7zgl;AOP-04;The Art of Presenting - Chapter 2: The Giver's Mindset;AOP;SKILLS;;;0;;;SK-102
the-art-of-presenting-chapter-3-building-your-outline-scorm12-c-q6adkv;AOP-05;The Art of Presenting - Chapter 3: Building Your Outline;AOP;SKILLS;;;0;;;SK-102
the-art-of-presenting-chapter-5-a-preparing-to-present-scorm12-1s5yhlrb;AOP-06;The Art of Presenting - Chapter 5a: Preparing to Present;AOP;SKILLS;;;0;;;SK-102
the-art-of-presenting-chapter-6-making-a-first-impression-scorm12-wmxcgy5v;AOP-07;The Art of Presenting - Chapter 6: Making a First Impression;AOP;SKILLS;;;0;;;SK-102
the-art-of-presenting-chapter-7-a-1-delivering-your-presentation-scorm12-bz_habq9;AOP-08;The Art of Presenting - Chapter 7a.1: Delivering Your Presentation;AOP;SKILLS;;;0;;;SK-102, SK-103
the-art-of-presenting-chapter-7-a-delivering-your-presentation-scorm12-mda1rlln;AOP-09;The Art of Presenting - Chapter 7a: Delivering Your Presentation;AOP;SKILLS;;;0;;;SK-102, SK-103
the-art-of-presenting-chapter-7-b-delivering-your-presentation-scorm12-w8rvumau;AOP-10;The Art of Presenting - Chapter 7b: Delivering Your Presentation;AOP;SKILLS;;;0;;;SK-102, SK-103
the-art-of-presenting-chapter-7-d-delivering-your-presentation-scorm12-rqczlxog;AOP-11;The Art of Presenting - Chapter 7d: Delivering Your Presentation;AOP;SKILLS;;;0;;;SK-102, SK-103
the-art-of-presenting-chapter-4-creating-your-slides-scorm12-0sloaxu1;AOP-12;The Art of Presenting -Chapter 4: Creating Your Slides;AOP;SKILLS;;;0;;;SK-102, SK-103
chapter-0-introduction-to-critical-leadership-training-scorm12-qolorhhv;CLT-00;Chapter 0 - Introduction to Critical Leadership Training;CLT;INTRO;;Y;1;;;SK-011, SK-008, SK-009, SK-010, SK-037
chapter-1-what-makes-a-leader-scorm12-gkna64je;CLT-01;Chapter 1 - What Makes A Leader;CLT;SKILLS;;Y;2;;Y;SK-011, SK-012, SK-036, SK-037, SK-099
chapter-10-conclusion-leadership-is-the-most-important-skill-scorm12-2vctenpb;CLT-02;Chapter 10 - Conclusion: Leadership is the Most Important Skill;CLT;SKILLS;;Y;1;;;SK-011, SK-008, SK-009, SK-037
chapter-2-leadership-is-about-human-interaction-scorm12-hfyi9tl7;CLT-03;Chapter 2 - Leadership is About Human Interaction;CLT;SKILLS;;Y;2;;Y;SK-011, SK-112, SK-008, SK-009, SK-037
chapter-5-extreme-ownership-scorm12-ec9unjhp;CLT-04;Chapter 5 - Extreme Ownership;CLT;SKILLS;;Y;2;;Y;SK-010, SK-011, SK-008, SK-009, SK-028
chapter-6-leadership-law-1-cover-and-move-scorm12-8ifufrcg;CLT-05;Chapter 6 - Leadership Law 1: Cover and Move;CLT;SKILLS;;Y;2;;Y;SK-011, SK-037, SK-099
chapter-8-leadership-law-3-prioritize-and-execute-scorm12-t3uuyi2b;CLT-06;Chapter 8 - Leadership Law 3: Prioritize and Execute;CLT;SKILLS;;Y;2;;Y;SK-011, SK-036, SK-037, SK-112
chapter-9-leadership-law-4-decentralize-command-scorm12-k-7vhy3i;CLT-07;Chapter 9 - Leadership Law 4: Decentralize Command;CLT;SKILLS;;Y;2;;Y;SK-011, SK-005, SK-008, SK-009, SK-031
critical-leadership-training-scorm12-cgy5ZMn8;CLT-08;Critical Leadership Training;CLT;SKILLS;;Y;13;;Y;SK-011, SK-008, SK-009, SK-010, SK-037
leadership-decision-making-under-pressure-scorm12-AIhn49zc;CLT-09;Leadership & Decision-Making Under Pressure;CLT;SKILLS;;;0;;;SK-011
leadership-law-2-keep-it-simple-scorm12-dsimqrvx;CLT-10;Leadership Law 2: Keep it Simple;CLT;SKILLS;;Y;2;;Y;SK-011, SK-030, SK-037, SK-099
chapter-8-introduction-to-effective-communication-scorm12-k6p_uqpq;COMM-00;Chapter 8 Introduction to Effective Communication;COMM;SKILLS;;Y;1;;Y;SK-099, SK-100, SK-011, SK-016, SK-034
permit-required-confined-spaces-scorm12-Cq6_VtQw;CS-00;Permit-Required Confined Spaces;CS;SKILLS;;Y;9;;;SK-057, SK-081, SK-058, SK-083
boosting-self-regulation-scorm12-dmovz3bh;EQ-00;Boosting Self-Regulation;EQ;SKILLS;;Y;2;;Y;SK-109, SK-006, SK-106, SK-107
chapter-01-what-is-emotional-intelligence-eq-scorm12-byirin-l;EQ-01;Chapter 01 - What Is Emotional Intelligence (EQ)?;EQ;SKILLS;;Y;1;;Y;SK-107, SK-011, SK-079
chapter-6-enhancing-your-social-skills-scorm12-idczjurm;EQ-02;Chapter 6 - Enhancing Your Social Skills;EQ;SKILLS;;Y;1;;Y;SK-110, SK-011, SK-014, SK-023, SK-079
developing-empathy-scorm12-vhcmzfyl;EQ-03;Developing Empathy;EQ;SKILLS;;Y;2;;;SK-108, SK-106, SK-107
enhancing-social-skills-scorm12-prqpfyxi;EQ-04;Enhancing Social Skills;EQ;SKILLS;;Y;2;;Y;SK-110, SK-106, SK-107, SK-112
improving-self-awareness-scorm12-nv0knu1a;EQ-05;Improving Self-Awareness;EQ;SKILLS;;Y;2;;Y;SK-014, SK-106, SK-107, SK-112
leading-with-emotional-intelligence-scorm12-ebhECLuM;EQ-06;Leading With Emotional Intelligence;EQ;SKILLS;;Y;11;;Y;SK-106, SK-107, SK-079
what-is-emotional-intelligence-scorm12-2b6hr7hq;EQ-07;What Is Emotional Intelligence?;EQ;SKILLS;;Y;2;;Y;SK-107, SK-106, SK-112
2024-nfpa-70-e-required-boundaries-scorm12-dumyti56;ES-00;2024 NFPA 70E Required Boundaries;ES;SKILLS;;;0;;;
arc-flash-personal-protective-equipment-ppe-scorm12-4M7f_E64;ES-01;Arc Flash Personal Protective Equipment (PPE);ES;SKILLS;;;0;;;SK-060, SK-079
electrical-shock-arc-flash-risk-assessments-safety-related-work-practices-scorm12-2z6u87fa;ES-02;Electrical Shock & Arc Flash Risk Assessments (Safety-Related Work Practices);ES;SKILLS;;;0;;;SK-061, SK-060, SK-083
5c12a5da-7dc6-4649-84de-f3637bde375d;ES-03;Permitted Energized Work & Required Energized Work Permit;ES;SKILLS;Y;;0;;;SK-068
required-precautions-practices-energized-work-scorm12-pfsg-qmp;ES-04;Required Precautions & Practices - Energized Work;ES;SKILLS;;;0;;;SK-068
required-precautions-practices-testing-troubleshooting-scorm12-ixvxs06l;ES-05;Required Precautions & Practices - Testing & Troubleshooting;ES;SKILLS;;;0;;;
safe-electrical-work-practices-and-the-2024-nfpa-70-e-for-electrical-workers-scorm12-o1fsru32;ES-06;Safe Electrical Work Practices And The 2024 NFPA 70E For Electrical Workers;ES;SKILLS;;Y;14;;;SK-066, SK-063, SK-065, SK-083
fall-protection-in-industrial-and-construction-environments-scorm12-HtvRelsq;FP-00;Fall Protection In Industrial And Construction Environments;FP;SKILLS;;Y;6;;;SK-074, SK-081
fall-protection-in-industrial-and-construction-environments-edges-openings-and-guarding-scorm12-ulhh_oba;FP-01;Fall Protection In Industrial And Construction Environments: Edges, Openings And Guarding;FP;SKILLS;;Y;1;;;SK-074, SK-023
preventing-slips-trips-and-falls-scorm12-m2jqe-uu;FP-02;Preventing Slips, Trips and Falls;FP;SKILLS;;Y;1;;;SK-083, SK-099
safely-accessing-a-scaffold-scorm12-znfwpgv9;FP-03;Safely Accessing a Scaffold;FP;SKILLS;;Y;1;;;SK-077, SK-075, SK-076, SK-083
supported-scaffolding-safety-in-industrial-and-construction-environments-scorm12-sy389sg8;FP-04;Supported Scaffolding Safety in Industrial and Construction Environments;FP;SKILLS;;Y;8;;;SK-077, SK-083
0fed7f77-3b20-43df-90c2-6c28b3ca4a5f;FP-05;Supported Scaffolds and OSHA Regulations;FP;SKILLS;Y;Y;1;;;SK-081, SK-077, SK-054, SK-066, SK-083
using-portable-and-fixed-ladders-scorm12-du3gq40l;FP-06;Using Portable and Fixed Ladders;FP;SKILLS;;Y;1;;;SK-075, SK-054, SK-081, SK-083
working-safely-on-scaffolding-scorm12-0txrzw9l;FP-07;Working Safely on Scaffolding;FP;SKILLS;;Y;1;;;SK-077, SK-054, SK-076, SK-079, SK-081
roles-and-responsibilities-of-a-foreman-scorm12-fuwrpeep;FTM-00;Roles and Responsibilities of a Foreman;FTM;SKILLS;;Y;2;;;SK-018, SK-011, SK-016, SK-030, SK-079
hazard-communication-scorm12-hced66vt;HAZCOM-00;Hazard Communication;HAZCOM;SKILLS;;Y;10;;;SK-090, SK-099, SK-081, SK-083
information-found-on-container-labels-scorm12-alpiibee;HAZCOM-01;Information Found on Container Labels;HAZCOM;SKILLS;;Y;1;;;SK-089, SK-083
safety-data-sheets-scorm12-ax_uklcf;HAZCOM-02;Safety Data Sheets;HAZCOM;SKILLS;;Y;1;;;SK-092, SK-083, SK-013, SK-081, SK-088
the-written-hazard-communication-plan-scorm12-ftnpzu8g;HAZCOM-03;The Written Hazard Communication Plan;HAZCOM;SKILLS;;Y;1;;;SK-090, SK-099, SK-024, SK-083, SK-089
types-of-chemical-hazards-scorm12-kwgkls-t;HAZCOM-04;Types Of Chemical Hazards;HAZCOM;SKILLS;;Y;1;;;SK-088, SK-083
avoiding-common-time-wasters-introduction-to-field-leadership-section-1-scorm12-_pz4ofaz;IFL-00;Avoiding Common Time Wasters- Introduction to Field Leadership Section - 1;IFL;SKILLS;;Y;1;;Y;SK-011, SK-016, SK-050
building-and-maintaining-team-morale-introduction-to-field-leadership-section-1-scorm12-qbritjmd;IFL-01;Building and Maintaining Team Morale- Introduction to Field Leadership Section - 1;IFL;SKILLS;;Y;1;;Y;SK-011, SK-034, SK-016, SK-023
chapter-1-job-plan-theory-scorm12-lhuuftlp;IFL-02;Chapter 1 Job Plan Theory;IFL;SKILLS;;Y;1;;Y;SK-117, SK-011, SK-013, SK-016, SK-019
chapter-10-avoiding-common-time-wasters-scorm12-rakckav4;IFL-03;Chapter 10 Avoiding Common Time Wasters;IFL;SKILLS;;Y;1;;Y;SK-050, SK-011, SK-016
chapter-12-using-tool-and-technology-scorm12-jzhv6nfe;IFL-04;Chapter 12 Using Tool and Technology;IFL;SKILLS;;Y;1;;;SK-011, SK-016, SK-030, SK-041, SK-083
chapter-2-jobsite-efficiency-scorm12-gtwzkr7z;IFL-05;Chapter 2 - Jobsite Efficiency;IFL;SKILLS;;Y;1;;Y;SK-028, SK-041, SK-050
chapter-3-coordinating-with-other-trades-scorm12-e-hl3uzr;IFL-06;Chapter 3 - Coordinating with Other Trades-;IFL;SKILLS;;Y;1;;;SK-028, SK-030, SK-099
chapter-3-new-manager-101-scorm12-yduvl08s;IFL-07;Chapter 3 - New Manager 101;IFL;SKILLS;;Y;1;;Y;SK-011, SK-034, SK-037, SK-099, SK-112
chapter-3-introduction-to-project-planning-and-execution-scorm12-7wuf3mox;IFL-08;Chapter 3 Introduction to Project Planning and Execution;IFL;SKILLS;;Y;1;;Y;SK-030, SK-028, SK-029, SK-011, SK-016
chapter-4-building-an-effective-team-scorm12-lurfzpkv;IFL-09;Chapter 4 - Building an Effective Team;IFL;SKILLS;;Y;2;;Y;SK-011, SK-008, SK-009, SK-014, SK-021
chapter-4-document-management-scorm12-tyrhbk9m;IFL-10;Chapter 4 - Document Management;IFL;SKILLS;;Y;1;;Y;SK-053, SK-018, SK-052, SK-117
chapter-4-introduction-to-safety-management-scorm12-jkruifsj;IFL-11;Chapter 4 Introduction to Safety Management;IFL;SKILLS;;Y;1;;Y;SK-083, SK-011, SK-005, SK-016, SK-054
chapter-5-introduction-to-quality-control-scorm12-hzjpxur3;IFL-12;Chapter 5 - Introduction to Quality Control;IFL;SKILLS;;Y;1;;;SK-054, SK-011, SK-008, SK-009, SK-016
chapter-5-manpower-projection-scorm12-nxcglu2o;IFL-13;Chapter 5 - Manpower Projection;IFL;SKILLS;;Y;1;;Y;SK-032, SK-018, SK-028, SK-030
chapter-7-introduction-to-documentation-and-reporting-scorm12-kjbidn5r;IFL-14;Chapter 7 Introduction to Documentation and Reporting;IFL;SKILLS;;Y;1;;Y;SK-052, SK-011, SK-008, SK-009, SK-013
chapter-9-time-management-scorm12-gifb0r3z;IFL-15;Chapter 9 Time Management;IFL;SKILLS;;Y;1;;Y;SK-011, SK-008, SK-009, SK-016, SK-027
coordinating-with-other-trades-introduction-to-field-leadership-section-2-scorm12-vclfcl72;IFL-16;Coordinating with Other Trades- Introduction to Field Leadership Section 2;IFL;SKILLS;;Y;1;;;SK-011, SK-016, SK-028, SK-030, SK-099
document-management-introduction-to-field-leadership-section-2-scorm12-su5ewyse;IFL-17;Document Management- Introduction to Field Leadership Section 2;IFL;SKILLS;;Y;1;;Y;SK-011, SK-016, SK-053, SK-018, SK-052
employee-assistance-program-eap-and-mental-health-awareness-field-leadership-4-scorm12-tx9ouuz5;IFL-18;Employee Assistance Program (EAP) and Mental Health Awareness- field leadership -4;IFL;SKILLS;;Y;1;;Y;SK-011, SK-016, SK-021, SK-101, SK-112
fmla-introduction-to-field-leadership-part-4-policy-scorm12-wvlpmgbx;IFL-19;FMLA Introduction to Field Leadership Part - 4 Policy;IFL;SKILLS;;Y;1;;Y;SK-011, SK-016, SK-025, SK-093
harassment-discrimination-and-retaliation-prevention-introduction-to-field-leadership-part-4-scorm12-tkuwfuoz;IFL-20;Harassment, Discrimination, and Retaliation Prevention -Introduction to Field Leadership Part - 4;IFL;SKILLS;;Y;1;;Y;SK-011, SK-016, SK-005, SK-052, SK-066
introduction-to-documentation-and-reporting-introduction-to-field-leadership-section-1-scorm12-5pb1ub8x;IFL-21;Introduction to Documentation and Reporting- Introduction to Field Leadership Section - 1;IFL;SKILLS;;Y;1;;Y;SK-011, SK-052, SK-016, SK-008, SK-009
introduction-to-effective-communication-introduction-to-field-leadership-section-1-scorm12-0vyt6ox6;IFL-22;Introduction to Effective Communication- Introduction to Field Leadership Section - 1;IFL;SKILLS;;Y;1;;Y;SK-011, SK-016, SK-099, SK-100, SK-034
introduction-to-field-leadership-part-4-policy-scorm12-vyeh7q-b;IFL-23;Introduction to Field Leadership Part - 4 Policy;IFL;SKILLS;;Y;5;;Y;SK-011, SK-016, SK-008, SK-009, SK-014
introduction-to-field-leadership-part-2-anatomy-of-a-project-scorm12-vus2qvus;IFL-24;Introduction to Field Leadership Part 2 - Anatomy of a Project;IFL;SKILLS;;Y;7;;Y;SK-011, SK-016, SK-013, SK-019, SK-028
introduction-to-field-leadership-section-1-skills-traits-responsibilities-scorm12-pjqoieo4;IFL-25;Introduction to Field Leadership Section - 1 Skills Traits & Responsibilities;IFL;SKILLS;;Y;17;;Y;SK-011, SK-016, SK-018, SK-028, SK-030
introduction-to-project-planning-and-execution-introduction-to-field-leadership-section-1-scorm12-gsezq1ll;IFL-26;Introduction to Project Planning and Execution- Introduction to Field Leadership Section - 1;IFL;SKILLS;;Y;1;;Y;SK-011, SK-030, SK-028, SK-016, SK-029
introduction-to-quality-control-introduction-to-field-leadership-section-1-scorm12-gxmgfvvz;IFL-27;Introduction to Quality Control- Introduction to Field Leadership Section - 1;IFL;SKILLS;;Y;1;;;SK-011, SK-016, SK-054, SK-023
introduction-to-safety-management-introduction-to-field-leadership-section-1-scorm12-xqqzeydb;IFL-28;Introduction to Safety Management- Introduction to Field Leadership Section - 1;IFL;SKILLS;;Y;1;;Y;SK-011, SK-016, SK-083, SK-005, SK-061
introduction-to-team-management-introduction-to-field-leadership-section-1-scorm12-ymggz-66;IFL-29;Introduction to Team Management- Introduction to Field Leadership Section - 1;IFL;SKILLS;;Y;1;;Y;SK-011, SK-016, SK-033, SK-018, SK-036
introduction-introduction-to-field-leadership-section-1-skills-traits-responsibilities-scorm12-k-mbpeuu;IFL-30;Introduction- Introduction to Field Leadership Section - 1 Skills Traits & Responsibilities;IFL;SKILLS;;Y;2;;Y;SK-011, SK-016, SK-018, SK-028, SK-030
job-closeout-introduction-to-field-leadership-section-2-scorm12-n6l4pbci;IFL-31;Job Closeout- Introduction to Field Leadership Section 2;IFL;SKILLS;;Y;1;;Y;SK-011, SK-016, SK-112
job-plan-theory-introduction-to-field-leadership-section-2-scorm12-dckui4j2;IFL-32;Job Plan Theory - Introduction to Field Leadership Section 2;IFL;SKILLS;;Y;1;;Y;SK-011, SK-016, SK-117, SK-013, SK-019
jobsite-efficiency-introduction-to-field-leadership-section-2-scorm12--oojrobn;IFL-33;Jobsite Efficiency Introduction to Field Leadership Section 2;IFL;SKILLS;;Y;1;;Y;SK-011, SK-016, SK-028, SK-041, SK-050
leadership-essentials-introduction-to-field-leadership-section-3-scorm12-bzr6yskm;IFL-34;Leadership Essentials- Introduction to Field Leadership Section 3;IFL;SKILLS;;Y;1;;Y;SK-011, SK-016, SK-008, SK-009, SK-012
managing-sub-contractors-scorm12-eprbazox;IFL-35;Managing Sub-contractors;IFL;SKILLS;;Y;9;;Y;SK-052, SK-083, SK-099, SK-112
manpower-projection-introduction-to-field-leadership-section-2-scorm12-9-7cbil_;IFL-36;Manpower Projection - Introduction to Field Leadership Section 2 -;IFL;SKILLS;;Y;1;;Y;SK-011, SK-016, SK-032, SK-018, SK-028
project-structure-delegation-and-team-development-scorm12-saxubt58;IFL-37;Project Structure, Delegation, and Team Development;IFL;SKILLS;;Y;7;;Y;SK-036, SK-011, SK-008, SK-009, SK-018
roles-and-responsibilties-of-a-foreman-introduction-to-field-leadership-section-1-scorm12-j7alnrme;IFL-38;Roles and Responsibilties of a Foreman Introduction to Field Leadership Section - 1;IFL;SKILLS;;Y;1;;;SK-011, SK-018, SK-016, SK-034, SK-030
substance-abuse-introduction-to-field-leadership-part-4-policy-scorm12-mp01ux4h;IFL-39;Substance Abuse- Introduction to Field Leadership Part - 4 Policy;IFL;SKILLS;;Y;1;;Y;SK-011, SK-016, SK-008, SK-009, SK-014
techniques-for-better-communication-and-feedback-introduction-to-field-leadership-section-3-scorm12-eunu31cm;IFL-40;Techniques for Better Communication and Feedback Introduction to Field Leadership Section 3 -;IFL;SKILLS;;Y;1;;Y;SK-011, SK-016, SK-099, SK-023, SK-005
time-management-introduction-to-field-leadership-section-1-scorm12-ecy9z7j1;IFL-41;Time Management - Introduction to Field Leadership Section - 1;IFL;SKILLS;;Y;1;;Y;SK-011, SK-016, SK-036
using-tool-and-technology-introduction-to-field-leadership-section-1-scorm12-q5xzm9rq;IFL-42;Using Tool and Technology- Introduction to Field Leadership Section - 1;IFL;SKILLS;;Y;1;;;SK-011, SK-016, SK-099
chapter-01-embracing-lean-productivity-scorm12-rrruldwd;LEAN-00;Chapter 01 - Embracing Lean Productivity;LEAN;INTRO;;Y;1;;;SK-044, SK-028, SK-037, SK-040, SK-042
chapter-02-what-you-need-to-know-scorm12-n-qj69jo;LEAN-01;Chapter 02 - What You Need to Know;LEAN;INTRO;;Y;1;;;SK-005, SK-040, SK-050
chapter-03-productivity-in-construction-scorm12-imnm9mxy;LEAN-02;Chapter 03 - Productivity in Construction;LEAN;SKILLS;;Y;2;;Y;
chapter-05-what-is-lean-scorm12-pvxdpabr;LEAN-03;Chapter 05 - What is Lean?;LEAN;SKILLS;;Y;1;;Y;SK-044, SK-050
chapter-06-a-brief-history-scorm12-d1yinukr;LEAN-04;Chapter 06 - A Brief History;LEAN;SKILLS;;Y;1;;Y;SK-041, SK-037, SK-040, SK-045, SK-050
chapter-07-how-does-lean-apply-to-construction-scorm12-wji5bpej;LEAN-05;Chapter 07 - How Does Lean Apply to Construction?;LEAN;SKILLS;;Y;1;;Y;SK-043, SK-051, SK-041, SK-044, SK-050
chapter-08-what-processes-need-to-change-scorm12-said6ikm;LEAN-06;Chapter 08 - What Processes Need to Change?;LEAN;SKILLS;;Y;2;;Y;SK-028, SK-041, SK-042, SK-050, SK-099
chapter-09-the-adoption-of-a-new-production-theory-scorm12-ypg1zg6x;LEAN-07;Chapter 09 - The Adoption of a New Production Theory;LEAN;SKILLS;;Y;1;;Y;SK-028, SK-050, SK-101
chapter-10-identifying-waste-in-construction-scorm12-rttb6txz;LEAN-08;Chapter 10 - Identifying Waste in Construction;LEAN;SKILLS;;Y;1;;Y;SK-050, SK-028, SK-040, SK-045, SK-099
chapter-11-minimizing-waste-at-a-project-level-scorm12-bb8uiief;LEAN-09;Chapter 11 - Minimizing Waste at a Project Level;LEAN;SKILLS;;Y;1;;Y;SK-050, SK-051, SK-028, SK-038, SK-099
chapter-12-empowerment-of-field-personnel-scorm12-tz6n2sy9;LEAN-10;Chapter 12 - Empowerment of Field Personnel;LEAN;SKILLS;;Y;1;;Y;SK-036, SK-037, SK-028, SK-041, SK-050
chapter-13-pull-planning-scorm12-ne5la4rr;LEAN-11;Chapter 13 - Pull Planning;LEAN;SKILLS;;Y;1;;Y;SK-028, SK-042, SK-011, SK-008, SK-009
chapter-14-the-sticky-note-format-scorm12-ipzawrxc;LEAN-12;Chapter 14 - The Sticky Note Format;LEAN;SKILLS;;Y;2;;Y;SK-028, SK-008, SK-009, SK-041, SK-042
chapter-15-continuous-improvement-scorm12-s6uwlft8;LEAN-13;Chapter 15 - Continuous Improvement;LEAN;SKILLS;;Y;1;;Y;SK-040, SK-019, SK-041, SK-050, SK-051
chapter-16-training-the-industry-scorm12-lnugtlxm;LEAN-14;Chapter 16 - Training the Industry;LEAN;SKILLS;;Y;2;;Y;SK-041, SK-046, SK-050
chapter-17-reshaping-the-industry-scorm12-ltddpgc0;LEAN-15;Chapter 17 - Reshaping the Industry;LEAN;SKILLS;;Y;1;;;SK-028, SK-044, SK-050, SK-051
chapter-4-construction-vs-manufacturing-scorm12-atugxt47;LEAN-16;Chapter 4 - Construction vs. Manufacturing;LEAN;SKILLS;;Y;1;;Y;
construction-management-introduction-to-lean-construction-scorm12-ix45_zjt;LEAN-17;Construction Management: Introduction to Lean Construction;LEAN;SKILLS;;Y;17;;Y;SK-044, SK-028, SK-037, SK-040, SK-042
on-site-productivity-scorm12-m7-7zmzj;LEAN-18;On-Site Productivity;LEAN;SKILLS;;;0;;;SK-049
the-eight-wastes-of-construction-scorm12-9_faca08;LEAN-19;The Eight Wastes of Construction;LEAN;SKILLS;;;0;;;SK-050
what-is-lean-scorm12-5l-lsg8r;LEAN-20;"What is ""LEAN""";LEAN;SKILLS;;;0;;;
abnormal-lockout-removal-procedures-scorm12-nyjwgrko;LOTO-00;Abnormal Lockout Removal Procedures;LOTO;SKILLS;;Y;1;;;SK-018, SK-096, SK-008, SK-009, SK-052
complex-lockout-tagout-procedures-scorm12-hn7-fup1;LOTO-01;Complex Lockout-Tagout Procedures;LOTO;SKILLS;;Y;1;;;SK-094, SK-096, SK-083, SK-095, SK-098
lockout-tagout-procedures-scorm12-l3swtzib;LOTO-02;Lockout Tagout Procedures;LOTO;SKILLS;;Y;7;;;SK-096, SK-005, SK-065, SK-079, SK-083
lockout-tagout-procedures-abnormal-lockout-removal-procedures-scorm12-x9mn1h5s;LOTO-03;Lockout Tagout Procedures - Abnormal Lockout Removal Procedures;LOTO;SKILLS;;;0;;;SK-096
lockout-tagout-procedures-complex-lockout-tagout-procedures-scorm12-r6juiurw;LOTO-04;Lockout Tagout Procedures - Complex Lockout-Tagout Procedures;LOTO;SKILLS;;;0;;;SK-094, SK-096
lockout-tagout-procedures-hazardous-energy-control-lockout-tagout-scorm12-berhmiwr;LOTO-05;Lockout Tagout Procedures - Hazardous Energy Control (Lockout Tagout);LOTO;SKILLS;;;0;;;SK-095, SK-096
lockout-tagout-procedures-return-to-service-procedures-scorm12-_dkqhcuy;LOTO-06;Lockout Tagout Procedures - Return To Service Procedures;LOTO;SKILLS;;;0;;;SK-082, SK-096
lockout-tagout-procedures-simple-lockout-tagout-procedures-scorm12-rj5zpfvf;LOTO-07;Lockout Tagout Procedures - Simple Lockout-Tagout Procedures;LOTO;SKILLS;;;0;;;SK-096, SK-098
lockout-tagout-procedures-verifying-a-de-energized-condition-scorm12-ukdghbg_;LOTO-08;Lockout Tagout Procedures - Verifying a De-Energized Condition;LOTO;SKILLS;;;0;;;SK-096
return-to-service-procedures-scorm12-m0ufppq_;LOTO-09;Return To Service Procedures;LOTO;SKILLS;;Y;1;;;SK-082, SK-054, SK-065, SK-083
simple-lockout-tagout-procedures-scorm12-9lnzkite;LOTO-10;Simple Lockout-Tagout Procedures;LOTO;SKILLS;;Y;1;;;SK-098, SK-096, SK-013, SK-030, SK-066
verifying-a-de-energized-condition-scorm12-tl-lwmmj;LOTO-11;Verifying a De-Energized Condition;LOTO;SKILLS;;Y;1;;;SK-096, SK-063, SK-079, SK-083
approving-change-orders-in-view-point-scorm12-eorbjkg_;PC-00;Approving Change Orders in ViewPoint;PC;SKILLS;;Y;1;;Y;SK-123, SK-121
creating-a-pending-change-orders-in-view-point-scorm12-cir_kuef;PC-01;Creating a Pending Change Orders in ViewPoint;PC;SKILLS;;Y;1;;Y;SK-123, SK-121
conducting-effective-performance-reviews-scorm12-8ihyn2kz;PERF-00;Conducting Effective Performance Reviews;PERF;SKILLS;;Y;1;;Y;SK-026, SK-019, SK-027, SK-031, SK-035
conducting effective performance reviews - scorm;PERF-01;Conducting effective Performance Reviews - AI video generated with Synthesia;PERF;SKILLS;;;0;;;SK-026
corrective-counseling-and-performance-reviews-d-scorm12-dgptjd8r;PERF-02;Corrective Counseling and Performance Reviews (d);PERF;SKILLS;;;0;;;SK-021, SK-026, SK-101
performance-management-scorm12-yNAMmSEg;PERF-03;Performance Management;PERF;SKILLS;;Y;9;;Y;SK-011, SK-028, SK-079
introduction-to-planning-and-controlling-hazards-t-r-a-c-k-scorm12-nrpeh-rf;SAFE-00;Introduction to planning and Controlling Hazards - T.R.A.C.K.;SAFE;SKILLS;;Y;8;;;SK-028, SK-030, SK-080, SK-083
osh-as-focus-four-workplace-hazards-scorm12-_eefrmuc;SAFE-01;OSHA’s Focus Four Workplace Hazards;SAFE;SKILLS;;;0;;;SK-081
workplace-inspections-pre-task-assessments-briefings-scorm12-mpjt1kbi;SAFE-02;Workplace Inspections, Pre-Task Assessments, Briefings;SAFE;SKILLS;;;0;;;SK-054, SK-080, SK-081, SK-086
safety-coordinator-10-0-injury-case-management-scorm12-bhn-skit;SC-00;Safety Coordinator - 10.0 Injury & Case Management;SC;SKILLS;;;0;;;SK-073, SK-083
safety-coordinator-11-0-osha-msha-inspections-scorm12-1cfxq7kp;SC-01;Safety Coordinator - 11.0 OSHA & MSHA Inspections;SC;SKILLS;;;0;;;SK-081, SK-054, SK-083
safety-coordinator-4-0-task-training-scorm12-1lqdglp;SC-02;Safety Coordinator - 4.0 Task Training;SC;SKILLS;;;0;;;SK-083
safety-coordinator-5-0-safety-meetings-scorm12--kplybaq;SC-03;Safety Coordinator - 5.0 Safety Meetings;SC;SKILLS;;;0;;;SK-083
safety-coordinator-6-0-project-planning-identifying-hazards-scorm12-pa7utguc;SC-04;Safety Coordinator - 6.0 Project Planning & Identifying Hazards;SC;SKILLS;;;0;;;SK-028, SK-029, SK-030, SK-083
safety-coordinator-7-0-safety-inspections-scorm12-dsf-btet;SC-05;Safety Coordinator - 7.0 Safety Inspections;SC;SKILLS;;;0;;;SK-054, SK-081, SK-083, SK-086
safety-coordinator-8-0-disciplinary-action-scorm12-efm1bzaa;SC-06;Safety Coordinator - 8.0 Disciplinary Action;SC;SKILLS;;;0;;;SK-083
safety-coordinator-9-0-accident-incident-investigations-scorm12-viiehqfz;SC-07;Safety Coordinator - 9.0 Accident & Incident Investigations;SC;SKILLS;;;0;;;SK-072, SK-083
a-commitment-to-zero-broken-lives-new-hire-safety-orientation-scorm12-k9ggo4z0;SO-00;A Commitment to Zero Broken Lives- New Hire Safety Orientation;SO;SKILLS;;Y;2;;;SK-083, SK-019
commitment-to-safety-a-shared-responsibility-new-hire-safety-orientation-scorm12-2jvergv-;SO-01;Commitment to Safety : A Shared Responsibility- New Hire Safety Orientation;SO;SKILLS;;Y;2;;;SK-083, SK-040
gs-ls-new-hire-safety-orientation-scorm12-l1evm0ft;SO-02;GSL's New Hire Safety Orientation;SO;SKILLS;;Y;11;;Y;SK-083, SK-005, SK-006, SK-028, SK-084
nevadas-employee-rights-and-responsibilities-new-hire-safety-orientation-scorm12-sru8a0g6;SO-03;Nevada's Employee Rights and Responsibilities - New Hire Safety Orientation;SO;SKILLS;;Y;2;;;SK-025, SK-083, SK-093, SK-079
new-hire-safety-orientation-scorm12-n-zkxxau;SO-04;New Hire Safety Orientation;SO;SKILLS;;Y;8;;;SK-083, SK-040, SK-066, SK-079
safety-coordinator-3-0-employee-safety-orientation-scorm12-wwdhs8xs;SO-05;Safety Coordinator - 3.0 Employee Safety Orientation;SO;SKILLS;;;0;;;SK-083
chapter-11-building-and-maintaining-team-morale-scorm12-o9ngi2ph;TEAM-00;Chapter 11 Building and Maintaining Team Morale;TEAM;SKILLS;;Y;1;;Y;SK-034, SK-011, SK-013, SK-016, SK-023
chapter-6-introduction-to-team-management-scorm12-ywlcwpmw;TEAM-01;Chapter 6 - Introduction to Team Management;TEAM;SKILLS;;Y;1;;Y;SK-033, SK-011, SK-016, SK-018, SK-027
increasing-self-motivation-scorm12-npmiqa6h;TEAM-02;Increasing Self-Motivation;TEAM;SKILLS;;Y;2;;Y;SK-023, SK-106, SK-107, SK-112
increasing-your-self-motivation-scorm12-s0eqm439;TEAM-03;Increasing Your Self-Motivation;TEAM;SKILLS;;Y;1;;Y;SK-023
motivating-your-team-scorm12-c3gfnv1x;TEAM-04;Motivating Your Team;TEAM;SKILLS;;Y;7;;Y;SK-035, SK-011, SK-023, SK-038
1-0-coach-k-teaches-values-driven-leadership-scorm12-xpvxgbur;VDL-00;1.0 Coach K Teaches Values-Driven Leadership;VDL;SKILLS;;Y;1;;Y;SK-007, SK-011, SK-006
11-1-recruit-retain-all-star-talent-scorm12-ap0eangm;VDL-01;11.1 Recruit & Retain All-Star Talent;VDL;SKILLS;;;0;;;
ab06661d-8075-4ede-84eb-8fb88fd3d500;VDL-02;Values Driven Leadership : 1 Coach K Teaches Values-Driven Leadership;VDL;SKILLS;Y;Y;4;;Y;SK-007, SK-011, SK-006, SK-005, SK-008
values-driven-leadership-10-planning-your-next-play-scorm12-znlyq13u;VDL-03;Values Driven Leadership : 10 Planning Your Next Play;VDL;SKILLS;;Y;3;;Y;SK-011, SK-006, SK-007, SK-028, SK-005
values-driven-leadership-12-improve-individual-performance-scorm12-nz5spqu9;VDL-04;Values Driven Leadership : 12 Improve Individual Performance;VDL;SKILLS;;Y;6;;Y;SK-011, SK-006, SK-007, SK-005, SK-014
values-driven-leadership-13-give-feedback-scorm12-fslze9ua;VDL-05;Values Driven Leadership : 13 Give Feedback;VDL;SKILLS;;Y;5;;Y;SK-011, SK-006, SK-007, SK-005, SK-013
values-driven-leadership-14-develop-emerging-leaders-scorm12-dsn2azbv;VDL-06;Values Driven Leadership : 14 Develop Emerging Leaders;VDL;SKILLS;;Y;6;;Y;SK-011, SK-006, SK-007, SK-111, SK-112
values-driven-leadership-17-bounce-back-from-a-loss-scorm12-1zsyje6f;VDL-07;Values Driven Leadership : 17 Bounce Back from a Loss;VDL;SKILLS;;Y;6;;Y;SK-011, SK-007, SK-006, SK-005, SK-040
0e803e8d-e40a-47e1-b34c-48b387997be5;VDL-08;Values Driven Leadership : 2 Define Your Core Values;VDL;SKILLS;Y;Y;6;;Y;SK-011, SK-006, SK-007, SK-005, SK-008
d226d1a8-172f-41c2-94bb-0a8dce777c94;VDL-09;Values Driven Leadership : 3 Cultivate a Winning Team;VDL;SKILLS;Y;Y;5;;Y;SK-011, SK-007, SK-006, SK-005, SK-013
02d67ee1-0635-4e68-8128-ee32d9f6b657;VDL-10;Values Driven Leadership : 4 Own Your Team;VDL;SKILLS;Y;Y;2;;;SK-011, SK-006, SK-007, SK-005, SK-008
d4544a6e-93d6-4241-8c0a-15c45ba89e7a;VDL-11;Values Driven Leadership : 5 Making Reads;VDL;SKILLS;Y;Y;3;;Y;SK-011, SK-007, SK-006, SK-005, SK-037
7062beb5-44e6-4646-8344-d7a09c854b08;VDL-12;Values Driven Leadership : 6 Read Your People;VDL;SKILLS;Y;Y;6;;Y;SK-011, SK-006, SK-007, SK-005, SK-013
values-driven-leadership-7-the-ultimate-motion-offense-scorm12-5bpb44hj;VDL-13;Values Driven Leadership : 7 The Ultimate Motion Offense;VDL;SKILLS;;Y;3;;Y;SK-011, SK-006, SK-007, SK-005, SK-037
values-driven-leadership-8-effective-communication-scorm12-neuqm88y;VDL-14;Values Driven Leadership : 8 Effective Communication;VDL;SKILLS;;Y;6;;Y;SK-011, SK-006, SK-007, SK-099, SK-100
values-driven-leadership-9-leading-with-emotion-scorm12-grnz0lav;VDL-15;Values Driven Leadership : 9 Leading With Emotion;VDL;SKILLS;;Y;8;;Y;SK-011, SK-006, SK-007, SK-005, SK-008
values-driven-leadership-11-recruit-and-retain-all-stars-scorm12-dqqkpaaj;VDL-16;Values Driven Leadership: 11 Recruit and Retain All-Stars;VDL;SKILLS;;Y;7;;Y;SK-011, SK-007, SK-006, SK-112, SK-005
values-driven-leadership-15-create-a-legacy-of-leaders-scorm12-2ilihfl0;VDL-17;Values Driven Leadership: 15 Create a Legacy of Leaders;VDL;SKILLS;;Y;3;;Y;SK-011, SK-006, SK-007, SK-005, SK-037
values-driven-leadership-16-make-a-habit-of-motivation-scorm12-cbzbbrc9;VDL-18;Values Driven Leadership: 16 Make a Habit of Motivation;VDL;SKILLS;;Y;7;;Y;SK-011, SK-007, SK-006, SK-023, SK-005
