Course,Source File,Skill Buckets,Skills,Difficulty (Level),,Category (First level of Course Catalog),Subcategory (Second level of Course Catalog),,Difficulty (Level),Tags,,,Mandatory For,Recommended For,Notes
1.0 Coach K Teaches Values-Driven Leadership,1-0-coach-k-teaches-values-driven-leadership-scorm12-xpvxgbur.zip,Leadership,Culture & Values,Foundational,,Leadership,Culture & Values,Leadership Fundamentals,Foundational,Values-Driven; Leadership; Values; Mission-Focused,,,Field Leadership; General Superintendent; Superintendents,Executive; Project Management; Safety,LOW confidence - verify content before finalizing
11.1 Recruit & Retain All-Star Talent,11-1-recruit-retain-all-star-talent-scorm12-ap0eangm.zip,Leadership,"Teaching,  Mentoring & Coaching",Intermediate,,Leadership,"Teaching,  Mentoring & Coaching",Workforce Management,Intermediate,Values-Driven; Leadership; Succession Planning; Team Building,,,Field Leadership; General Superintendent; Superintendents,Executive; Project Management; Safety,REVIEW: possible duplicate - Duplicate exists: values-driven-leadership-11-recruit-and-retain-all-stars-scorm12-dqqkpaaj.zip; LOW confidence - verify content before finalizing
Values Driven Leadership: 11 Recruit and Retain All-Stars,0c553a0f-d9af-40ab-9427-69df0143e71d.zip,Leadership,"Teaching,  Mentoring & Coaching",Foundational,,Leadership,"Teaching,  Mentoring & Coaching",Leadership Fundamentals,Foundational,Values-Driven; Leadership,,,Field Leadership; General Superintendent; Superintendents,Executive; Project Management; Safety,LOW confidence - verify content before finalizing
Values Driven Leadership: 15 Create a Legacy of Leaders,66943eda-fb62-4ad8-ba1e-d0ec6ff9b0ec.zip,Leadership,"Teaching,  Mentoring & Coaching",Foundational,,Leadership,"Teaching,  Mentoring & Coaching",Leadership Fundamentals,Foundational,Values-Driven; Leadership,,,Field Leadership; General Superintendent; Superintendents,Executive; Project Management; Safety,LOW confidence - verify content before finalizing
Values Driven Leadership : 9 Leading With Emotion,ab28f5f2-7325-42e0-9bea-0851cc7478d7.zip,Leadership,Soft Skills,Foundational,,Emotional Intelligence,Team Building,Leadership Fundamentals,Foundational,Values-Driven; Leadership,,,Field Leadership; General Superintendent; Superintendents,Executive; Project Management; Safety,LOW confidence - verify content before finalizing
Values Driven Leadership: 16 Make a Habit of Motivation,afc32b71-9f5d-432c-9ab9-80e79b9d98b1.zip,Leadership,Soft Skills,Foundational,,Emotional Intelligence,Team Building,Leadership Fundamentals,Foundational,Values-Driven; Leadership; Motivation,,,Field Leadership; General Superintendent; Superintendents,Executive; Project Management; Safety,LOW confidence - verify content before finalizing
Avoiding Common Time Wasters,avoiding-common-time-wasters-introduction-to-field-leadership-section-1-scorm12-_pz4ofaz.zip,Leadership,Personal Accounability,Foundational,,Time Management,,,Foundational,time wasters; productivity; Field Leadership; prioritization,,,Field Leadership; Superintendents,General Superintendent; Project Management; Safety,LOW confidence - verify content before finalizing
Conducting Effective Performance Reviews,conducting-effective-performance-reviews-scorm12-8ihyn2kz.zip,Leadership,Soft Skills,Foundational,,Communication,Counselling,Performance,Foundational,performance; Feedback; evaluations; performance management; Coaching,,,Field Leadership; General Superintendent; Project Management; Superintendents,Executive; Safety,REVIEW: possible duplicate - Three versions of this course exist in the catalog. Need to determine if they differ or are duplicates.; LOW confidence - verify content before finalizing
Roles and Responsibilities of a Foreman,roles-and-responsibilities-of-a-foreman-scorm12-fuwrpeep.zip,Leadership,Personal Accounability,Foundational,,Foreman Role & Responsibilities,Leadership,"Skills, Traits, & Responsibilities",Foundational,foreman; Foreman Training; Field Leadership; roles; Responsibility,,,Field Leadership; Superintendents,General Superintendent; Project Management; Safety,
Building and Maintaining Team Morale,building-and-maintaining-team-morale-introduction-to-field-leadership-section-1-scorm12-qbritjmd.zip,Leadership,,Foundational,,Team Motivation Fundamentals,Leadership,"Skills, Traits, & Responsibilities",Foundational,morale; Motivation; Field Leadership; Team Building; Recognition,,,Field Leadership; Superintendents,General Superintendent; Project Management; Safety,LOW confidence - verify content before finalizing
Chapter 0 - Introduction to Critical Leadership Training,chapter-0-introduction-to-critical-leadership-training-scorm12-qolorhhv.zip,Leadership,,Foundational,,Leadership,Leadership,Accountability,Foundational,Leadership; Leadership Basics; fundamentals; training,,,Field Leadership; General Superintendent; Project Management; Superintendents,Executive; Field Journeyman; Safety,LOW confidence - verify content before finalizing
Chapter 1 - What Makes A Leader,chapter-1-what-makes-a-leader-scorm12-gkna64je.zip,Leadership,,Foundational,,Leadership,Leadership,Leadership Fundamentals,Foundational,Leadership; Leadership Basics; fundamentals,,,Field Leadership; General Superintendent; Project Management; Superintendents,Executive; Field Journeyman; Safety,LOW confidence - verify content before finalizing
Chapter 10 Avoiding Common Time Wasters,chapter-10-avoiding-common-time-wasters-scorm12-rakckav4.zip,Leadership,,Foundational,,Time Management,Leadership,"Skills, Traits, & Responsibilities",Foundational,time wasters; productivity; Field Leadership; prioritization,,,Field Leadership; Superintendents,General Superintendent; Project Management; Safety,REVIEW: possible duplicate - Likely duplicate of 'Avoiding Common Time Wasters- Introduction to Field Leadership Section - 1' (Batch 1). Verify and consolidate.; LOW confidence - verify content before finalizing
Chapter 10 - Conclusion: Leadership is the Most Important Skill,chapter-10-conclusion-leadership-is-the-most-important-skill-scorm12-2vctenpb.zip,Leadership,,Foundational,,Leadership,Leadership,Leadership Fundamentals,Foundational,Leadership; Leadership Basics,,,Field Entry; Field Journeyman; Field Leadership; Superintendents,,LOW confidence - verify content before finalizing
Chapter 11 Building and Maintaining Team Morale,chapter-11-building-and-maintaining-team-morale-scorm12-o9ngi2ph.zip,Leadership,,Foundational,,Team Motivation Fundamentals,Leadership,"Skills, Traits, & Responsibilities",Foundational,morale; Motivation; Field Leadership; Team Building,,,Field Leadership; Superintendents,General Superintendent; Project Management; Safety,REVIEW: possible duplicate - Likely duplicate of 'Building and Maintaining Team Morale- Introduction to Field Leadership Section - 1' (Batch 2). Verify and consolidate.; LOW confidence - verify content before finalizing
Chapter 12 Using Tool and Technology,chapter-12-using-tool-and-technology-scorm12-jzhv6nfe.zip,Leadership,,Foundational,,Tool & Equipment Management,Leadership,Tools & Technology,Foundational,technology; Field Leadership; software; productivity,,,Field Leadership; Superintendents,General Superintendent; Project Management; Safety,LOW confidence - verify content before finalizing
Chapter 2 - Leadership is About Human Interaction,chapter-2-leadership-is-about-human-interaction-scorm12-hfyi9tl7.zip,Leadership,,Foundational,,Leadership,Leadership,Leadership Fundamentals,Foundational,Leadership; Leadership Basics,,,Field Leadership; General Superintendent; Project Management; Superintendents,Executive; Field Journeyman; Safety,LOW confidence - verify content before finalizing
Chapter 3 - Coordinating with Other Trades-,chapter-3-coordinating-with-other-trades-scorm12-e-hl3uzr.zip,Leadership,,Foundational,,Trade Coordination,Leadership,"Skills, Traits, & Responsibilities",Foundational,job plan; Planning,,,Field Leadership; Superintendents,General Superintendent; Project Management,LOW confidence - verify content before finalizing
Chapter 3 Introduction to Project Planning and Execution,chapter-3-introduction-to-project-planning-and-execution-scorm12-7wuf3mox.zip,Leadership,,Foundational,,Field Supervision,Leadership,"Skills, Traits, & Responsibilities",Foundational,Field Leadership; Planning,,,Field Leadership; Superintendents,General Superintendent; Project Management; Safety,LOW confidence - verify content before finalizing
Chapter 3 - New Manager 101,chapter-3-new-manager-101-scorm12-yduvl08s.zip,Leadership,,Foundational,,Leadership,Leadership,Leadership Fundamentals,Foundational,Leadership,,,Field Leadership; General Superintendent; Project Management; Superintendents,Executive; Field Journeyman; Safety,LOW confidence - verify content before finalizing
Chapter 5 - Extreme Ownership,chapter-5-extreme-ownership-scorm12-ec9unjhp.zip,Leadership,,Intermediate,,Extreme Ownership,Leadership,Extreme Ownership,Intermediate,Leadership; Ownership,,,Field Leadership; General Superintendent; Project Management; Superintendents,Executive; Field Journeyman; Safety,LOW confidence - verify content before finalizing
Chapter 5 - Introduction to Quality Control,chapter-5-introduction-to-quality-control-scorm12-hzjpxur3.zip,Leadership,,Foundational,,Field Supervision,Leadership,"Skills, Traits, & Responsibilities",Foundational,Field Leadership,,,Field Leadership; Superintendents,General Superintendent; Project Management; Safety,LOW confidence - verify content before finalizing
Chapter 5 - Manpower Projection,chapter-5-manpower-projection-scorm12-nxcglu2o.zip,Leadership,,Intermediate,,Manpower Projection,Leadership,Resource Planning,Intermediate,job plan; Planning,,,Field Leadership; Superintendents,General Superintendent; Project Management,LOW confidence - verify content before finalizing
Chapter 6 - Leadership Law 1: Cover and Move,chapter-6-leadership-law-1-cover-and-move-scorm12-8ifufrcg.zip,Leadership,,Foundational,,Leadership,Leadership,Leadership Fundamentals,Foundational,Leadership; Leadership Basics,,,Field Leadership; General Superintendent; Project Management; Superintendents,Executive; Field Journeyman; Safety,LOW confidence - verify content before finalizing
Chapter 8 - Leadership Law 3: Prioritize and Execute,chapter-8-leadership-law-3-prioritize-and-execute-scorm12-t3uuyi2b.zip,Leadership,,Foundational,,Leadership,Leadership,Leadership Fundamentals,Foundational,Leadership; Leadership Basics,,,Field Leadership; General Superintendent; Project Management; Superintendents,Executive; Field Journeyman; Safety,LOW confidence - verify content before finalizing
Critical Leadership Training,92ea63ef-4606-43f5-a757-6fc60095cab4.zip,Leadership,,Foundational,,Leadership,Leadership,Leadership Fundamentals,Foundational,Leadership,,,Field Leadership; General Superintendent; Project Management; Superintendents,Executive; Field Journeyman; Safety,LOW confidence - verify content before finalizing
Copy of Introduction to Field Leadership Section - 1 Skills Traits & Responsibilities,9e098bfe-2470-4cfd-a8c8-83618f5534df.zip,Leadership,,Foundational,,Leadership,Leadership,Leadership Fundamentals,Foundational,Leadership,,,Field Leadership; Superintendents,,
Chapter 9 - Leadership Law 4: Decentralize Command,chapter-9-leadership-law-4-decentralize-command-scorm12-k-7vhy3i.zip,Leadership,,Foundational,,Leadership,Leadership,Leadership Fundamentals,Foundational,Leadership; Leadership Basics,,,Field Leadership; General Superintendent; Project Management; Superintendents,Executive; Field Journeyman; Safety,LOW confidence - verify content before finalizing
Chapter 9 Time Management,chapter-9-time-management-scorm12-gifb0r3z (1).zip,Leadership,,Foundational,,Time Management,Leadership,"Skills, Traits, & Responsibilities",Foundational,Field Leadership,,,Field Leadership; Superintendents,,LOW confidence - verify content before finalizing
Conducting effective Performance Reviews - AI video generated with Synthesia,conducting effective performance reviews - scorm.zip,Leadership,,Foundational,,Performance Reviews,Leadership,Performance,Foundational,performance; Feedback,,,Field Leadership; General Superintendent; Project Management; Superintendents,Executive; Safety,LOW confidence - verify content before finalizing
Coordinating with Other Trades- Introduction to Field Leadership Section 2,coordinating-with-other-trades-introduction-to-field-leadership-section-2-scorm12-vclfcl72.zip,Leadership,,Foundational,,Trade Coordination,Leadership,"Skills, Traits, & Responsibilities",Foundational,job plan; Planning,,,Field Leadership; Superintendents,General Superintendent; Project Management,LOW confidence - verify content before finalizing
Copy of Introduction to Field Leadership Section 3 - Leadership,copy-of-introduction-to-field-leadership-section-3-leadership-scorm12-ehy1h9md.zip,Leadership,,Foundational,,Leadership,Leadership,Leadership Fundamentals,Foundational,Leadership,,,Field Leadership; Superintendents,General Superintendent; Project Management; Safety,
Corrective Counseling and Performance Reviews (d),corrective-counseling-and-performance-reviews-d-scorm12-dgptjd8r.zip,Leadership,,Foundational,,Corrective Counseling,Leadership,Performance,Foundational,performance; Feedback,,,Field Leadership; General Superintendent; Project Management; Superintendents,Executive; Safety,
Introduction to Field Leadership Part 2 - Anatomy of a Project,13d9715d-6384-46be-8cf3-eccf3325481d.zip,Leadership,,Foundational,,Project Planning,Leadership,Project Planning & Scheduling,Foundational,job plan; Planning,,,Field Leadership; Superintendents,,LOW confidence - verify content before finalizing
Introduction- Introduction to Field Leadership Section - 1 Skills Traits & Responsibilities,introduction-introduction-to-field-leadership-section-1-skills-traits-responsibilities-scorm12-k-mbpeuu.zip,Leadership,,Foundational,,Field Supervision,Leadership,"Skills, Traits, & Responsibilities",Foundational,Field Leadership,,,Field Leadership; Superintendents,General Superintendent; Project Management; Safety,LOW confidence - verify content before finalizing
Introduction to Field Leadership Part - 4 Policy,introduction-to-field-leadership-part-4-policy-scorm12-vyeh7q-b.zip,Leadership,,Foundational,,Leadership,Leadership,Leadership Fundamentals,Foundational,Leadership,,,Field Leadership; General Superintendent; Project Management; Safety; Superintendents,Administration; Estimating; Executive; Other/Specialized,LOW confidence - verify content before finalizing
Introduction to Field Leadership Section - 1 Skills Traits & Responsibilities,introduction-to-field-leadership-section-1-skills-traits-responsibilities-scorm12-pjqoieo4.zip,Leadership,,Foundational,,Leadership,Leadership,Leadership Fundamentals,Foundational,Leadership,,,Field Leadership; Superintendents,General Superintendent; Project Management; Safety,
Introduction to Project Planning and Execution- Introduction to Field Leadership Section - 1,introduction-to-project-planning-and-execution-introduction-to-field-leadership-section-1-scorm12-gsezq1ll.zip,Leadership,,Foundational,,Field Supervision,Leadership,"Skills, Traits, & Responsibilities",Foundational,Field Leadership; Planning,,,Field Leadership; Superintendents,General Superintendent; Project Management; Safety,LOW confidence - verify content before finalizing
Introduction to Quality Control- Introduction to Field Leadership Section - 1,introduction-to-quality-control-introduction-to-field-leadership-section-1-scorm12-gxmgfvvz.zip,Leadership,,Foundational,,Field Supervision,Leadership,"Skills, Traits, & Responsibilities",Foundational,Field Leadership,,,Field Leadership; Superintendents,General Superintendent; Project Management; Safety,LOW confidence - verify content before finalizing
Job Closeout- Introduction to Field Leadership Section 2,job-closeout-introduction-to-field-leadership-section-2-scorm12-n6l4pbci.zip,Leadership,,Foundational,,Project Planning,Leadership,Project Planning & Scheduling,Foundational,job plan; Planning,,,Field Leadership; Superintendents,General Superintendent; Project Management,LOW confidence - verify content before finalizing
Leadership & Decision-Making Under Pressure,leadership-decision-making-under-pressure-scorm12-AIhn49zc.zip,Leadership,,Foundational,,Strategic Thinking,Leadership,Leadership Fundamentals,Foundational,Leadership,,,General Superintendent; Project Management; Superintendents,Executive; Field Leadership; Safety,LOW confidence - verify content before finalizing
Leadership Essentials- Introduction to Field Leadership Section 3,leadership-essentials-introduction-to-field-leadership-section-3-scorm12-bzr6yskm.zip,Leadership,,Foundational,,Leadership,Leadership,Leadership Fundamentals,Foundational,Leadership,,,Field Leadership; Superintendents,General Superintendent; Project Management; Safety,
Leadership Law 2: Keep it Simple,leadership-law-2-keep-it-simple-scorm12-dsimqrvx.zip,Leadership,,Foundational,,Leadership,Leadership,Leadership Fundamentals,Foundational,Leadership; Leadership Basics,,,Field Leadership; General Superintendent; Project Management; Superintendents,Executive; Field Journeyman; Safety,LOW confidence - verify content before finalizing
Managing Sub-contractors,3f5b3717-553b-4e66-96bc-faa72589fe5d.zip,Leadership,,Intermediate,,Trade Coordination,Leadership,"Skills, Traits, & Responsibilities",Intermediate,coordination; supervision,,,General Superintendent; Project Management; Superintendents,Executive; Field Leadership; Safety,
Manpower Projection - Introduction to Field Leadership Section 2 -,manpower-projection-introduction-to-field-leadership-section-2-scorm12-9-7cbil_.zip,Leadership,,Intermediate,,Manpower Projection,Leadership,Resource Planning,Intermediate,job plan; Planning,,,Field Leadership; Superintendents,General Superintendent; Project Management,LOW confidence - verify content before finalizing
Motivating Your Team,motivating-your-team-scorm12-YgFh-1Vx.zip,Leadership,,Foundational,,Field Supervision,Leadership,"Skills, Traits, & Responsibilities",Foundational,Field Leadership,,,General Superintendent; Project Management; Superintendents,Executive; Field Leadership; Safety,LOW confidence - verify content before finalizing
"Project Structure, Delegation, and Team Development",2a3202a4-e80d-4659-bedc-532cd6a7838e.zip,Leadership,,Foundational,,Project Planning & Execution,Leadership,Delegation,Foundational,Leadership; Delegation,,,General Superintendent; Project Management; Superintendents,Executive; Field Leadership; Safety,
Performance Management,performance-management-scorm12-yNAMmSEg.zip,Leadership,,Foundational,,Leadership,Leadership,Leadership Fundamentals,Foundational,Leadership,,,Field Leadership; Superintendents,,
Roles and Responsibilties of a Foreman Introduction to Field Leadership Section - 1,roles-and-responsibilties-of-a-foreman-introduction-to-field-leadership-section-1-scorm12-j7alnrme.zip,Leadership,,Foundational,,Field Supervision,Leadership,"Skills, Traits, & Responsibilities",Foundational,Field Leadership,,,Field Leadership; Superintendents,General Superintendent; Project Management; Safety,LOW confidence - verify content before finalizing
Substance Abuse- Introduction to Field Leadership Part - 4 Policy,substance-abuse-introduction-to-field-leadership-part-4-policy-scorm12-mp01ux4h.zip,Leadership,,Foundational,,Leadership,Leadership,Leadership Fundamentals,Foundational,Leadership,,,Field Leadership; General Superintendent; Project Management; Safety; Superintendents,Administration; Estimating; Executive; Other/Specialized,LOW confidence - verify content before finalizing
Time Management - Introduction to Field Leadership Section - 1,time-management-introduction-to-field-leadership-section-1-scorm12-ecy9z7j1.zip,Leadership,,Foundational,,Time Management,Leadership,"Skills, Traits, & Responsibilities",Foundational,Field Leadership,,,Field Leadership; Superintendents,General Superintendent; Project Management; Safety,LOW confidence - verify content before finalizing
Values Driven Leadership : 4 Own Your Team,02d67ee1-0635-4e68-8128-ee32d9f6b657.zip,Leadership,,Foundational,,Accountability,Leadership,Leadership Fundamentals,Foundational,Values-Driven; Leadership,,,Field Leadership; General Superintendent; Superintendents,Executive; Project Management; Safety,LOW confidence - verify content before finalizing
Values Driven Leadership : 10 Planning Your Next Play,03fd4e80-b64f-439b-89c8-784b842c2691.zip,Leadership,,Foundational,,Planning,Leadership,Leadership Fundamentals,Foundational,Values-Driven; Leadership; Planning,,,Field Leadership; General Superintendent; Superintendents,Executive; Project Management; Safety,LOW confidence - verify content before finalizing
Values Driven Leadership : 2 Define Your Core Values,0e803e8d-e40a-47e1-b34c-48b387997be5.zip,Leadership,,Foundational,,Culture & Values,Leadership,Leadership Fundamentals,Foundational,Values-Driven; Leadership,,,Field Leadership; General Superintendent; Superintendents,Executive; Project Management; Safety,LOW confidence - verify content before finalizing
Values Driven Leadership : 12 Improve Individual Performance,1a8c5a7e-1d22-4d32-9dcc-ba401140474a.zip,Leadership,,Foundational,,Performance,Leadership,Leadership Fundamentals,Foundational,Values-Driven; Leadership,,,Field Leadership; General Superintendent; Superintendents,Executive; Project Management; Safety,LOW confidence - verify content before finalizing
Values Driven Leadership : 14 Develop Emerging Leaders,21bd2729-7596-47c8-a379-721843310b5c.zip,Leadership,,Foundational,,Mentoring,Leadership,Leadership Fundamentals,Foundational,Values-Driven; Leadership,,,Field Leadership; General Superintendent; Superintendents,Executive; Project Management; Safety,LOW confidence - verify content before finalizing
Values Driven Leadership : 13 Give Feedback,493823b2-6e7a-44e9-843a-990cd8f81814.zip,Leadership,,Foundational,,Communication,Leadership,Leadership Fundamentals,Foundational,Values-Driven; Leadership,,,Field Leadership; General Superintendent; Superintendents,Executive; Project Management; Safety,LOW confidence - verify content before finalizing
Values Driven Leadership : 7 The Ultimate Motion Offense,4c765778-8bd2-4452-866c-aec8e427dd4a.zip,Leadership,,Foundational,,Values-Driven Leadership,Leadership,Leadership Fundamentals,Foundational,Values-Driven; Leadership,,,Field Leadership; General Superintendent; Superintendents,Executive; Project Management; Safety,LOW confidence - verify content before finalizing
Values Driven Leadership : 6 Read Your People,7062beb5-44e6-4646-8344-d7a09c854b08.zip,Leadership,,Foundational,,Values-Driven Leadership,Leadership,Leadership Fundamentals,Foundational,Values-Driven; Leadership,,,Field Leadership; General Superintendent; Superintendents,Executive; Project Management; Safety,LOW confidence - verify content before finalizing
Values Driven Leadership : 17 Bounce Back from a Loss,781af65a-e80f-43e7-9a6e-03781a978a09.zip,Leadership,,Foundational,,Values-Driven Leadership,Leadership,Leadership Fundamentals,Foundational,Values-Driven; Leadership,,,Field Leadership; General Superintendent; Superintendents,Executive; Project Management; Safety,LOW confidence - verify content before finalizing
Values Driven Leadership : 1 Coach K Teaches Values-Driven Leadership,ab06661d-8075-4ede-84eb-8fb88fd3d500.zip,Leadership,,Foundational,,Values-Driven Leadership,Leadership,Leadership Fundamentals,Foundational,Values-Driven; Leadership,,,Field Leadership; General Superintendent; Superintendents,Executive; Project Management; Safety,
Values Driven Leadership : 3 Cultivate a Winning Team,d226d1a8-172f-41c2-94bb-0a8dce777c94.zip,Leadership,,Foundational,,Values-Driven Leadership,Leadership,Leadership Fundamentals,Foundational,Values-Driven; Leadership,,,Field Leadership; General Superintendent; Superintendents,Executive; Project Management; Safety,LOW confidence - verify content before finalizing
Values Driven Leadership : 5 Making Reads,d4544a6e-93d6-4241-8c0a-15c45ba89e7a.zip,Leadership,,Foundational,,Values-Driven Leadership,Leadership,Leadership Fundamentals,Foundational,Values-Driven; Leadership,,,Field Leadership; General Superintendent; Superintendents,Executive; Project Management; Safety,LOW confidence - verify content before finalizing
Using Tool and Technology- Introduction to Field Leadership Section - 1,using-tool-and-technology-introduction-to-field-leadership-section-1-scorm12-q5xzm9rq.zip,Leadership,,Foundational,,Tool & Equipment Management,Leadership,Tools & Technology,Foundational,Field Leadership,,,Field Leadership; Superintendents,General Superintendent; Project Management; Safety,LOW confidence - verify content before finalizing
What Is Emotional Intelligence?,what-is-emotional-intelligence-scorm12-2b6hr7hq.zip,Leadership,,Foundational,,Leadership,Leadership,Leadership Fundamentals,Foundational,Leadership; Leadership Basics,,,Executive; Field Leadership; General Superintendent; Project Management; Superintendents,Administration; Engineering; Estimating; Field Entry; Field Journeyman; Other/Specialized; Safety,
Nevada's Employee Rights and Responsibilities - New Hire Safety Orientation,64df4a34-c340-4ef1-8a94-9dddd55b3f0d.zip,Leadership,,Foundational,,Nevada Employee Rights,Policy,,Foundational,Safety,,,Field Entry; Field Journeyman; Field Leadership; General Superintendent; Project Management; Safety; Superintendents,Administration; Engineering; Estimating; Executive; Other/Specialized,LOW confidence - verify content before finalizing
Chapter 4 - Building an Effective Team,chapter-4-building-an-effective-team-scorm12-lurfzpkv.zip,Leadership,,Foundational,,Project Team Leadership,Team Building & Teamwork,,Foundational,Team Building; Team Dynamics; Leadership; effective teams; Trust,,,Field Leadership; General Superintendent; Project Management; Superintendents,Executive; Field Journeyman; Safety,LOW confidence - verify content before finalizing
Chapter 6 - Introduction to Team Management,chapter-6-introduction-to-team-management-scorm12-ywlcwpmw.zip,Leadership,,Foundational,,Project Team Leadership,Team Building & Teamwork,,Foundational,Field Leadership,,,Field Leadership; Superintendents,General Superintendent; Project Management; Safety,LOW confidence - verify content before finalizing
Introduction to Team Management- Introduction to Field Leadership Section - 1,introduction-to-team-management-introduction-to-field-leadership-section-1-scorm12-ymggz-66.zip,Leadership,,Foundational,,Project Team Leadership,Team Building & Teamwork,,Foundational,Field Leadership,,,Field Leadership; Superintendents,General Superintendent; Project Management; Safety,LOW confidence - verify content before finalizing
Chapter 1 Job Plan Theory,chapter-1-job-plan-theory-scorm12-lhuuftlp.zip,Leadership,Software,Foundational,,Excel,Job Plans,Project Planning & Scheduling,Foundational,job plan; Planning; project planning; fundamentals,,,Field Leadership; Superintendents,General Superintendent; Project Management,LOW confidence - verify content before finalizing
Boosting Self-Regulation,boosting-self-regulation-scorm12-dmovz3bh.zip,Leadership,Soft Skills,Foundational,,Emotional Intelligence,Self-Regulation,Self-Regulation,Foundational,Emotional Intelligence; Emotional Regulation; Self-Control; Self-Management; Adaptability,,,Executive; Field Leadership; General Superintendent; Project Management; Superintendents,Administration; Engineering; Estimating; Field Entry; Field Journeyman; Other/Specialized; Safety,"REVIEW: possible duplicate - Second VTT file is a duplicate of the first (same content, different filename). Only one unique video."
Chapter 01 - What Is Emotional Intelligence (EQ)?,chapter-01-what-is-emotional-intelligence-eq-scorm12-byirin-l.zip,Leadership,Soft Skills,Foundational,,Emotional Intelligence,Emotional Intelligence,Emotional Intelligence,Foundational,Emotional Intelligence; Self-awareness; Empathy; Social Skills; Self-Control; Leadership,,,Executive; Field Leadership; General Superintendent; Project Management; Superintendents,Administration; Engineering; Estimating; Field Entry; Field Journeyman; Other/Specialized; Safety,REVIEW: possible duplicate - Second VTT is a duplicate. Timecodes need extraction from raw VTT cues.
The Art of Presenting - 1 of 3,the-art-of-presenting-1-of-3-scorm12-8zxc6t4x.zip,Leadership,Soft Skills,Foundational,,Presentation Skills,Presentation Skills,,Foundational,Communication,,,Executive; General Superintendent; Project Management; Superintendents,Field Leadership; Safety,
The Art of Presenting - 2 of 3,the-art-of-presenting-2-of-3-scorm12-l_ebmf_n.zip,Leadership,Soft Skills,Foundational,,Presentation Skills,Presentation Skills,,Foundational,Communication,,,Executive; General Superintendent; Project Management; Superintendents,Field Leadership; Safety,
The Art of Presenting - 3 of 3,the-art-of-presenting-3-of-3-scorm12-medonbco.zip,Leadership,Soft Skills,Foundational,,Presentation Skills,Presentation Skills,,Foundational,Communication,,,Executive; General Superintendent; Project Management; Superintendents,Field Leadership; Safety,
The Art of Presenting - Chapter 1: The Power of Great Presenting,the-art-of-presenting-chapter-1-the-power-of-great-presenting-scorm12-vamagq-w.zip,Leadership,Soft Skills,Foundational,,Presentation Skills,Presentation Skills,,Foundational,Communication,,,Executive; General Superintendent; Project Management; Superintendents,Field Leadership; Safety,
The Art of Presenting - Chapter 2: The Giver's Mindset,the-art-of-presenting-chapter-2-the-givers-mindset-scorm12-ku2y7zgl.zip,Leadership,Soft Skills,Foundational,,Presentation Skills,Presentation Skills,,Foundational,Communication,,,Executive; General Superintendent; Project Management; Superintendents,Field Leadership; Safety,
The Art of Presenting - Chapter 3: Building Your Outline,the-art-of-presenting-chapter-3-building-your-outline-scorm12-c-q6adkv.zip,Leadership,Soft Skills,Foundational,,Presentation Skills,Presentation Skills,,Foundational,Communication,,,Executive; General Superintendent; Project Management; Superintendents,Field Leadership; Safety,
The Art of Presenting -Chapter 4: Creating Your Slides,the-art-of-presenting-chapter-4-creating-your-slides-scorm12-0sloaxu1.zip,Leadership,Soft Skills,Foundational,,Presentation Skills,Presentation Skills,,Foundational,Communication,,,Executive; General Superintendent; Project Management; Superintendents,Field Leadership; Safety,
The Art of Presenting - Chapter 5a: Preparing to Present,the-art-of-presenting-chapter-5-a-preparing-to-present-scorm12-1s5yhlrb.zip,Leadership,Soft Skills,Foundational,,Presentation Skills,Presentation Skills,,Foundational,Communication,,,Executive; General Superintendent; Project Management; Superintendents,Field Leadership; Safety,
The Art of Presenting - Chapter 6: Making a First Impression,the-art-of-presenting-chapter-6-making-a-first-impression-scorm12-wmxcgy5v.zip,Leadership,Soft Skills,Foundational,,Presentation Skills,Presentation Skills,,Foundational,Communication,,,Executive; General Superintendent; Project Management; Superintendents,Field Leadership; Safety,
The Art of Presenting - Chapter 7a.1: Delivering Your Presentation,the-art-of-presenting-chapter-7-a-1-delivering-your-presentation-scorm12-bz_habq9.zip,Leadership,Soft Skills,Foundational,,Presentation Skills,Presentation Skills,,Foundational,Communication,,,Executive; General Superintendent; Project Management; Superintendents,Field Leadership; Safety,
The Art of Presenting - Chapter 7a: Delivering Your Presentation,the-art-of-presenting-chapter-7-a-delivering-your-presentation-scorm12-mda1rlln.zip,Leadership,Soft Skills,Foundational,,Presentation Skills,Presentation Skills,,Foundational,Communication,,,Executive; General Superintendent; Project Management; Superintendents,Field Leadership; Safety,
The Art of Presenting - Chapter 7b: Delivering Your Presentation,the-art-of-presenting-chapter-7-b-delivering-your-presentation-scorm12-w8rvumau (1).zip,Leadership,Soft Skills,Foundational,,Presentation Skills,Presentation Skills,,Foundational,Communication,,,Executive; General Superintendent; Project Management; Superintendents,Field Leadership; Safety,
The Art of Presenting - Chapter 7c: Delivering Your Presentation,the-art-of-presenting-chapter-7-c-delivering-your-presentation-scorm12-omhngorm (1).zip,Leadership,Soft Skills,Foundational,,Presentation Skills,Presentation Skills,,Foundational,Communication,,,Executive; General Superintendent; Project Management; Superintendents,Field Leadership; Safety,
The Art of Presenting - Chapter 7d: Delivering Your Presentation,the-art-of-presenting-chapter-7-d-delivering-your-presentation-scorm12-rqczlxog (1).zip,Leadership,Soft Skills,Foundational,,Presentation Skills,Presentation Skills,,Foundational,Communication,,,Executive; General Superintendent; Project Management; Superintendents,Field Leadership; Safety,
Chapter 6 - Enhancing Your Social Skills,chapter-6-enhancing-your-social-skills-scorm12-idczjurm.zip,Leadership,Soft Skills,Foundational,,Emotional Intelligence,Social Skills,Social Skills,Foundational,Leadership; Leadership Basics,,,Field Entry; Field Journeyman; Field Leadership; Superintendents,,
Chapter 8 Introduction to Effective Communication,chapter-8-introduction-to-effective-communication-scorm12-k6p_uqpq (1).zip,Leadership,Soft Skills,Foundational,,Emotional Intelligence,Communication,Communication,Foundational,Field Leadership; Communication,,,Field Leadership; Superintendents,General Superintendent; Project Management; Safety,LOW confidence - verify content before finalizing
Developing Empathy,developing-empathy-scorm12-vhcmzfyl.zip,Leadership,Soft Skills,Foundational,,Emotional Intelligence,Empathy,Empathy,Foundational,Leadership; Leadership Basics,,,Executive; Field Leadership; General Superintendent; Project Management; Superintendents,Administration; Engineering; Estimating; Field Entry; Field Journeyman; Other/Specialized; Safety,
Enhancing Social Skills,enhancing-social-skills-scorm12-prqpfyxi.zip,Leadership,Soft Skills,Foundational,,Emotional Intelligence,Social Skills,Social Skills,Foundational,Leadership; Leadership Basics,,,Executive; Field Leadership; General Superintendent; Project Management; Superintendents,Administration; Engineering; Estimating; Field Entry; Field Journeyman; Other/Specialized; Safety,
Improving Self-Awareness,improving-self-awareness-scorm12-nv0knu1a.zip,Leadership,Soft Skills,Foundational,,Emotional Intelligence,EQ Fundamentals,Self-Awareness,Foundational,Leadership; Leadership Basics,,,Executive; Field Leadership; General Superintendent; Project Management; Superintendents,Administration; Engineering; Estimating; Field Entry; Field Journeyman; Other/Specialized; Safety,
Increasing Self-Motivation,increasing-self-motivation-scorm12-npmiqa6h.zip,Leadership,Soft Skills,Foundational,,Emotional Intelligence,EQ Leadership,Motivation,Foundational,Leadership; Leadership Basics; Motivation,,,Executive; Field Leadership; General Superintendent; Project Management; Superintendents,Administration; Engineering; Estimating; Field Entry; Field Journeyman; Other/Specialized; Safety,
Increasing Your Self-Motivation,increasing-your-self-motivation-scorm12-s0eqm439.zip,Leadership,Soft Skills,Foundational,,Emotional Intelligence,EQ Leadership,Motivation,Foundational,Leadership; Leadership Basics; Motivation,,,Field Entry; Field Journeyman; Field Leadership; Superintendents,,
Introduction to Effective Communication- Introduction to Field Leadership Section - 1,introduction-to-effective-communication-introduction-to-field-leadership-section-1-scorm12-0vyt6ox6.zip,Leadership,Soft Skills,Foundational,,Emotional Intelligence,Effective Communication,Communication,Foundational,Field Leadership; Communication,,,Field Leadership; Superintendents,General Superintendent; Project Management; Safety,LOW confidence - verify content before finalizing
Leading With Emotional Intelligence,f40629c8-0091-418e-9b45-cee6a5b3aa9c.zip,Leadership,Soft Skills,Foundational,,Emotional Intelligence,EQ Fundamentals,Emotional Intelligence,Foundational,Emotional Intelligence,,,Field Leadership; General Superintendent; Superintendents,Executive; Project Management; Safety,LOW confidence - verify content before finalizing
Techniques for Better Communication and Feedback Introduction to Field Leadership Section 3 -,techniques-for-better-communication-and-feedback-introduction-to-field-leadership-section-3-scorm12-eunu31cm.zip,Leadership,Soft Skills,Foundational,,Emotional Intelligence,Effective Communication,Communication,Foundational,Leadership; Communication,,,Field Leadership; Superintendents,General Superintendent; Project Management; Safety,
Values Driven Leadership : 8 Effective Communication,56ba7bcd-acc3-4ada-9d4c-179765442bbe.zip,Leadership,Soft Skills,Foundational,,Emotional Intelligence,Effective Communication,Communication,Foundational,Values-Driven; Leadership; Communication,,,Field Leadership; General Superintendent; Superintendents,Executive; Project Management; Safety,LOW confidence - verify content before finalizing
Job Plan Theory - Introduction to Field Leadership Section 2,job-plan-theory-introduction-to-field-leadership-section-2-scorm12-dckui4j2.zip,Leadership,Software,Foundational,,Excel,Creating Job Plans,Project Planning & Scheduling,Foundational,job plan; Planning,,,Field Leadership; Superintendents,General Superintendent; Project Management,LOW confidence - verify content before finalizing
Chapter 2 - Jobsite Efficiency,chapter-2-jobsite-efficiency-scorm12-gtwzkr7z.zip,Lean Construction,,Foundational,,Productivity Execution,Leadership,Project Planning & Scheduling,Foundational,job plan; jobsite efficiency; productivity; execution,,,Field Leadership; Superintendents,General Superintendent; Project Management,LOW confidence - verify content before finalizing
Jobsite Efficiency Introduction to Field Leadership Section 2,jobsite-efficiency-introduction-to-field-leadership-section-2-scorm12--oojrobn.zip,Lean Construction,,Foundational,,Productivity Execution,Leadership,Project Planning & Scheduling,Foundational,job plan; Planning; Efficiency,,,Field Leadership; Superintendents,General Superintendent; Project Management,LOW confidence - verify content before finalizing
Chapter 01 - Embracing Lean Productivity,chapter-01-embracing-lean-productivity-scorm12-rrruldwd.zip,Lean Construction,,Foundational,,Lean Fundamentals,Lean Principals,Lean Fundamentals,Foundational,Lean; productivity; Lean Construction; fundamentals,,,Field Leadership; General Superintendent; Project Management; Superintendents,Estimating; Executive; Field Journeyman; Other/Specialized,LOW confidence - verify content before finalizing
The Eight Wastes of Construction,the-eight-wastes-of-construction-scorm12-9_faca08.zip,Lean Construction,,Foundational,,Eight Wastes Recognition,Lean Principals,Waste Management,Foundational,Lean; Waste; Lean Construction; Eliminate Waste; Continuous Improvement; Respect For People,,,Field Leadership; Superintendents,,
Chapter 02 - What You Need to Know,chapter-02-what-you-need-to-know-scorm12-n-qj69jo (1).zip,Lean Construction,,Foundational,,Lean Fundamentals,Lean Principals,Lean Fundamentals,Foundational,Lean; Lean Construction; fundamentals; basics,,,Field Leadership; Superintendents,,LOW confidence - verify content before finalizing
Chapter 03 - Productivity in Construction,chapter-03-productivity-in-construction-scorm12-imnm9mxy.zip,Lean Construction,,Foundational,,Productivity Benefits,Lean Principals,`,Foundational,Lean; productivity; Lean Construction; Construction; Efficiency,,,Field Leadership; General Superintendent; Project Management; Superintendents,Estimating; Executive; Field Journeyman; Other/Specialized,LOW confidence - verify content before finalizing
Chapter 05 - What is Lean?,chapter-05-what-is-lean-scorm12-pvxdpabr.zip,Lean Construction,,Foundational,,Lean Fundamentals,Lean Principals,Lean Fundamentals,Foundational,Lean; Lean Construction; Lean Principles ; fundamentals,,,Field Leadership; General Superintendent; Project Management; Superintendents,Estimating; Executive; Field Journeyman; Other/Specialized,LOW confidence - verify content before finalizing
Chapter 06 - A Brief History,chapter-06-a-brief-history-scorm12-d1yinukr.zip,Lean Construction,,Foundational,,Lean History Understanding,Lean Principals,Industry Transformation,Foundational,Lean; Industry Change; Lean Adoption; Lean Construction,,,Field Leadership; Superintendents,,LOW confidence - verify content before finalizing
Chapter 07 - How Does Lean Apply to Construction?,chapter-07-how-does-lean-apply-to-construction-scorm12-wji5bpej.zip,Lean Construction,,Foundational,,Lean Fundamentals,Lean Principals,Lean Fundamentals,Foundational,Lean; Lean Construction; Construction; Process Improvement,,,Field Leadership; General Superintendent; Project Management; Superintendents,Estimating; Executive; Field Journeyman; Other/Specialized,LOW confidence - verify content before finalizing
Chapter 08 - What Processes Need to Change?,chapter-08-what-processes-need-to-change-scorm12-said6ikm.zip,Lean Construction,,Foundational,,Lean Mindset,Lean Principals,Process Management,Foundational,Lean; Process Improvement; Process; Lean Construction; Continuous Improvement,,,Field Leadership; General Superintendent; Project Management; Superintendents,Estimating; Executive; Field Journeyman; Other/Specialized,LOW confidence - verify content before finalizing
Chapter 09 - The Adoption of a New Production Theory,chapter-09-the-adoption-of-a-new-production-theory-scorm12-ypg1zg6x.zip,Lean Construction,,Foundational,,Lean Mindset,Lean Principals,Industry Transformation,Foundational,Lean; Lean Adoption; Industry Change; Lean Construction,,,Field Leadership; Superintendents,,LOW confidence - verify content before finalizing
Chapter 10 - Identifying Waste in Construction,chapter-10-identifying-waste-in-construction-scorm12-rttb6txz.zip,Lean Construction,,Intermediate,,Eight Wastes Recognition,Lean Principals,Waste Management,Intermediate,Lean; Waste; Lean Construction; Eliminate Waste,,,Field Leadership; General Superintendent; Project Management; Superintendents,Estimating; Executive; Field Journeyman; Other/Specialized,LOW confidence - verify content before finalizing
Chapter 11 - Minimizing Waste at a Project Level,chapter-11-minimizing-waste-at-a-project-level-scorm12-bb8uiief (1).zip,Lean Construction,,Intermediate,,Eliminate Waste,Lean Principals,Waste Management,Intermediate,Lean; Waste; Eliminate Waste; Lean Construction; jobsite efficiency,,,Field Leadership; General Superintendent; Project Management; Superintendents,Estimating; Executive; Field Journeyman; Other/Specialized,LOW confidence - verify content before finalizing
Chapter 12 - Empowerment of Field Personnel,chapter-12-empowerment-of-field-personnel-scorm12-tz6n2sy9.zip,Lean Construction,,Intermediate,,Field Team Empowerment,Lean Principals,Respect For People,Intermediate,Lean; Empowerment; Respect For People; Lean Construction; autonomy,,,Field Leadership; General Superintendent; Project Management; Superintendents,Estimating; Executive; Field Journeyman; Other/Specialized,LOW confidence - verify content before finalizing
Chapter 13 - Pull Planning,chapter-13-pull-planning-scorm12-ne5la4rr.zip,Lean Construction,,Intermediate,,Pull Planning,Lean Principals,Pull Planning,Intermediate,Lean; Lean Construction; Planning; Scheduling; Collaboration,,,Field Leadership; General Superintendent; Project Management; Superintendents,Estimating; Executive; Field Journeyman; Other/Specialized,LOW confidence - verify content before finalizing
Chapter 14 - The Sticky Note Format,chapter-14-the-sticky-note-format-scorm12-ipzawrxc.zip,Lean Construction,,Intermediate,,Pull Planning,Lean Principals,Pull Planning,Intermediate,Lean; Lean Construction; Planning; Collaboration,,,Field Leadership; General Superintendent; Project Management; Superintendents,Estimating; Executive; Field Journeyman; Other/Specialized,LOW confidence - verify content before finalizing
Chapter 15 - Continuous Improvement,chapter-15-continuous-improvement-scorm12-s6uwlft8.zip,Lean Construction,,Intermediate,,Continuous Improvement,Lean Principals,Continuous Improvement,Intermediate,Lean; Continuous Improvement; Kaizen; Lean Construction; Improvement,,,,Field Leadership; Superintendents,LOW confidence - verify content before finalizing
Chapter 16 - Training the Industry,chapter-16-training-the-industry-scorm12-lnugtlxm.zip,Lean Construction,,Intermediate,,Lean Mindset,Lean Principals,Industry Transformation,Intermediate,Lean; Industry Change; training; Lean Construction,,,Field Leadership; General Superintendent; Project Management; Superintendents,Estimating; Executive; Field Journeyman; Other/Specialized,LOW confidence - verify content before finalizing
Chapter 17 - Reshaping the Industry,chapter-17-reshaping-the-industry-scorm12-ltddpgc0.zip,Lean Construction,,Intermediate,,Lean Mindset,Lean Principals,Industry Transformation,Intermediate,Lean; Industry Change; Lean Adoption; Lean Construction,,,Field Leadership; General Superintendent; Project Management; Superintendents,Estimating; Executive; Field Journeyman; Other/Specialized,LOW confidence - verify content before finalizing
Chapter 4 - Construction vs. Manufacturing,chapter-4-construction-vs-manufacturing-scorm12-atugxt47.zip,Lean Construction,,Foundational,,Lean Fundamentals,Lean Principals,Lean Fundamentals,Foundational,Lean; Lean Construction,,,Field Leadership; General Superintendent; Project Management; Superintendents,Estimating; Executive; Field Journeyman; Other/Specialized,LOW confidence - verify content before finalizing
Construction Management: Introduction to Lean Construction,construction-management-introduction-to-lean-construction-scorm12-ix45_zjt.zip,Lean Construction,,Foundational,,Lean Fundamentals,Lean Principals,Lean Fundamentals,Foundational,Lean; Lean Construction,,,Field Leadership; Superintendents,,LOW confidence - verify content before finalizing
On-Site Productivity,on-site-productivity-scorm12-m7-7zmzj (1).zip,Lean Construction,,Foundational,,Productivity Execution,Lean Principals,Lean Fundamentals,Foundational,productivity; Lean,,,General Superintendent; Project Management; Superintendents,Executive; Field Leadership; Safety,LOW confidence - verify content before finalizing
"What is ""LEAN""",what-is-lean-scorm12-5l-lsg8r.zip,Lean Construction,,Foundational,,Lean Fundamentals,Lean Principals,Lean Fundamentals,Foundational,Lean; Lean Construction,,,Field Leadership; Superintendents,,
Chapter 4 - Document Management,chapter-4-document-management-scorm12-tyrhbk9m.zip,Management,,Foundational,,Documentation Practices,Leadership,Document Control,Foundational,job plan; Planning,,,Field Leadership; Superintendents,General Superintendent; Project Management,LOW confidence - verify content before finalizing
Chapter 7 Introduction to Documentation and Reporting,chapter-7-introduction-to-documentation-and-reporting-scorm12-kjbidn5r.zip,Management,,Foundational,,Documentation & Reporting,Leadership,"Skills, Traits, & Responsibilities",Foundational,Field Leadership; Documentation,,,Field Leadership; Superintendents,General Superintendent; Project Management; Safety,LOW confidence - verify content before finalizing
Document Management- Introduction to Field Leadership Section 2,document-management-introduction-to-field-leadership-section-2-scorm12-su5ewyse.zip,Management,,Foundational,,Documentation Practices,Leadership,Document Control,Foundational,job plan; Planning,,,Field Leadership; Superintendents,General Superintendent; Project Management,LOW confidence - verify content before finalizing
Introduction to Documentation and Reporting- Introduction to Field Leadership Section - 1,introduction-to-documentation-and-reporting-introduction-to-field-leadership-section-1-scorm12-5pb1ub8x.zip,Management,,Foundational,,Documentation & Reporting,Leadership,"Skills, Traits, & Responsibilities",Foundational,Field Leadership; Documentation,,,Field Leadership; Superintendents,General Superintendent; Project Management; Safety,LOW confidence - verify content before finalizing
Approving Change Orders in ViewPoint,3354da97-5b41-4f64-97cd-9e3cf916414e.zip,Management,Software,Foundational,,Viewpoint,ViewPoint Change Orders,Change Orders,Foundational,Viewpoint; Vista; Change Orders; software,,,Project Management; Superintendents,Field Leadership; General Superintendent,
Creating a Pending Change Orders in ViewPoint,creating-a-pending-change-orders-in-view-point-scorm12-cir_kuef.zip,Management,Software,Foundational,,Viewpoint,ViewPoint Change Orders,Change Orders,Foundational,software,,,Project Management; Superintendents,Field Leadership; General Superintendent,LOW confidence - verify content before finalizing
Advanced Trimble Accubid Classic Pro,6900d60b-d412-4bc1-aab7-d068f5c8eb0e (1).zip,Procurement,,Advanced,,Estimating,Estimating,Accubid,Advanced,Accubid; Estimating; Takeoff; Pricing; sub-jobs; cost; software,,,Estimating,Engineering; Project Management,
Learning Accubid Pro,learning-accubid-pro-scorm12-c6av2ijj.zip,Procurement,,Intermediate,,Estimating,Estimating,Accubid,Intermediate,Estimating,,,Estimating,Engineering; Project Management,
Commitment to Safety : A Shared Responsibility- New Hire Safety Orientation,640d3a2d-f5d1-4131-bc2a-8acbb03cd182.zip,Safety,Personal Safety,Foundational,,Employee Orientation,,,Foundational,Safety,,,Field Entry; Field Journeyman; Field Leadership; General Superintendent; Project Management; Safety; Superintendents,Administration; Engineering; Estimating; Executive; Other/Specialized,LOW confidence - verify content before finalizing
GSL's New Hire Safety Orientation,8d96dbf9-679c-4f00-b8a6-b62accb23d0d.zip,Safety,Personal Safety,Foundational,,Employee Orientation,,,Foundational,Safety,,,Field Entry; Field Journeyman; Field Leadership; General Superintendent; Project Management; Safety; Superintendents,Administration; Engineering; Estimating; Executive; Other/Specialized,LOW confidence - verify content before finalizing
New Hire Safety Orientation,new-hire-safety-orientation-scorm12-n-zkxxau.zip,Safety,Personal Safety,Foundational,,Employee Orientation,,,Foundational,Safety,,,Field Entry; Field Journeyman; Field Leadership; General Superintendent; Project Management; Safety; Superintendents,Administration; Engineering; Estimating; Executive; Other/Specialized,LOW confidence - verify content before finalizing
Safety Coordinator - 3.0 Employee Safety Orientation,safety-coordinator-3-0-employee-safety-orientation-scorm12-wwdhs8xs.zip,Safety,Personal Safety,Foundational,,Employee Orientation,,,Foundational,Safety,,,Field Leadership; Safety; Superintendents,General Superintendent; Project Management,
Employee Assistance Program (EAP) and Mental Health Awareness- field leadership -4,employee-assistance-program-eap-and-mental-health-awareness-field-leadership-4-scorm12-tx9ouuz5.zip,Safety,Personal Safety,Foundational,,Safety Responsibility,General Personal Development,,Foundational,Leadership,,,Field Leadership; General Superintendent; Superintendents,Project Management; Safety,LOW confidence - verify content before finalizing
Safety Coordinator - 11.0 OSHA & MSHA Inspections,safety-coordinator-11-0-osha-msha-inspections-scorm12-1cfxq7kp.zip,Safety,,Foundational,,Regulatory Inspections,OSHA & MSHA Inspections,,Foundational,Safety,,,Field Leadership; Safety; Superintendents,Field Entry; Field Journeyman; General Superintendent; Project Management,
Safety Coordinator - 7.0 Safety Inspections,safety-coordinator-7-0-safety-inspections-scorm12-dsf-btet.zip,Safety,,Foundational,,Regulatory Inspections,OSHA & MSHA Inspections,,Foundational,Safety,,,Field Leadership; Safety; Superintendents,General Superintendent; Project Management,
"Workplace Inspections, Pre-Task Assessments, Briefings",workplace-inspections-pre-task-assessments-briefings-scorm12-mpjt1kbi.zip,Safety,,[UNKNOWN],,Regulatory Inspections,OSHA & MSHA Inspections,,[UNKNOWN],,,,Field Leadership; Safety; Superintendents,Field Entry; Field Journeyman; General Superintendent; Project Management,
FMLA Introduction to Field Leadership Part - 4 Policy,fmla-introduction-to-field-leadership-part-4-policy-scorm12-wvlpmgbx.zip,Safety,,Foundational,,Safety Responsibility,Policy,,Foundational,Leadership,,,Field Leadership; General Superintendent; Project Management; Safety; Superintendents,Administration; Estimating; Executive; Other/Specialized,LOW confidence - verify content before finalizing
"Harassment, Discrimination, and Retaliation Prevention -Introduction to Field Leadership Part - 4",harassment-discrimination-and-retaliation-prevention-introduction-to-field-leadership-part-4-scorm12-tkuwfuoz.zip,Safety,,Foundational,,Safety Responsibility,Policy,,Foundational,Leadership,,,Field Leadership; General Superintendent; Project Management; Safety; Superintendents,Administration; Estimating; Executive; Other/Specialized,LOW confidence - verify content before finalizing
Electrical Shock & Arc Flash Risk Assessments (Safety-Related Work Practices),electrical-shock-arc-flash-risk-assessments-safety-related-work-practices-scorm12-2z6u87fa.zip,Safety,,Intermediate,,Electrical Risk Assessment,Risk Assessment,,Intermediate,Safety,,,Field Journeyman; Field Leadership; Safety; Superintendents,Field Entry; General Superintendent; Project Management,
2024 NFPA 70E Required Boundaries,2024-nfpa-70-e-required-boundaries-scorm12-dumyti56.zip,Safety,,Intermediate,,Approach Boundary Management,Safety,Electrical Safety,Intermediate,NFPA 70E; approach boundary; electrical safety; shock; qualified person; boundaries; ppe,,,Field Journeyman; Field Leadership; Safety; Superintendents,Field Entry; General Superintendent; Project Management,
Arc Flash Personal Protective Equipment (PPE),arc-flash-personal-protective-equipment-ppe-scorm12-4M7f_E64.zip,Safety,,Intermediate,,Arc Flash Awareness,Safety,Electrical Safety,Intermediate,arc flash; ppe; NFPA 70E; incident energy; electrical safety; Personal Protection,,,Field Journeyman; Field Leadership; Safety; Superintendents,Field Entry; General Superintendent; Project Management,
Hazard Communication,4896725b-5d88-4056-8a6e-4290ba8a5a5d.zip,Safety,,Foundational,,Chemical Hazard Identification,Safety,Hazard Communication,Foundational,Safety; Communication,,,Field Entry; Field Journeyman; Field Leadership; Safety; Superintendents,General Superintendent; Other/Specialized; Project Management,
A Commitment to Zero Broken Lives- New Hire Safety Orientation,3c1c9fac-b95f-4fad-b859-fe5a6a84824e.zip,Safety,,Foundational,,Safety Responsibility,Safety,Employee Orientation,Foundational,Safety; safety culture; expectations & onboarding; safety protocols,,,Field Entry; Field Journeyman; Field Leadership; General Superintendent; Project Management; Safety; Superintendents,Administration; Engineering; Estimating; Executive; Other/Specialized,
Safety Data Sheets,7ba26b66-15c2-4272-937c-8c20a0b71e21.zip,Safety,,Foundational,,Chemical Hazard Identification,Safety,Hazard Communication,Foundational,Safety,,,Field Entry; Field Journeyman; Field Leadership; Safety; Superintendents,General Superintendent; Other/Specialized; Project Management,LOW confidence - verify content before finalizing
The Written Hazard Communication Plan,b9294f00-7631-4483-a177-9d75bcfa828d.zip,Safety,,Foundational,,Chemical Hazard Identification,Safety,Hazard Communication,Foundational,Safety; Communication,,,Field Entry; Field Journeyman; Field Leadership; Safety; Superintendents,General Superintendent; Other/Specialized; Project Management,
Abnormal Lockout Removal Procedures,abnormal-lockout-removal-procedures-scorm12-nyjwgrko.zip,Safety,,Intermediate,,LOTO Procedures,Safety,Lockout / Tagout,Intermediate,LOTO; abnormal removal; Safety; compliance; red master lock,,,Field Entry; Field Journeyman; Field Leadership; Safety; Superintendents,General Superintendent; Other/Specialized; Project Management,
Complex Lockout-Tagout Procedures,bc18133e-d61d-4b14-979b-7e7360f22583.zip,Safety,,Intermediate,,LOTO Procedures,Safety,Lockout / Tagout,Intermediate,Safety,,,Field Entry; Field Journeyman; Field Leadership; Safety; Superintendents,General Superintendent; Other/Specialized; Project Management,
Permit-Required Confined Spaces,1bcd2f05-c0c3-4b2c-9f6e-baba0ac1bc61.zip,Safety,,Foundational,,Confined Space Program,Safety,,Foundational,Safety,,,Field Entry; Field Journeyman; Field Leadership; Safety; Superintendents,General Superintendent; Other/Specialized; Project Management,
Information Found on Container Labels,75a49409-e8aa-4ce3-b528-8ce05aef937f.zip,Safety,,Foundational,,Container Label Use,Safety,Hazard Communication,Foundational,hazard communication; label; GHS,,,Field Entry; Field Journeyman; Field Leadership; Safety; Superintendents,General Superintendent; Other/Specialized; Project Management,
Verifying a De-Energized Condition,verifying-a-de-energized-condition-scorm12-tl-lwmmj.zip,Safety,,Intermediate,,Electrical Safety Fundamentals,Safety,Electrical Safety,Intermediate,electrical safety; verification; voltage tester,,,Field Entry; Field Journeyman; Field Leadership; Safety; Superintendents,General Superintendent; Other/Specialized; Project Management,
Permitted Energized Work & Required Energized Work Permit,5c12a5da-7dc6-4649-84de-f3637bde375d.zip,Safety,,Foundational,,Energized Work Practices,Safety,Electrical Safety,Foundational,Safety,,,Field Journeyman; Field Leadership; Safety; Superintendents,Field Entry; General Superintendent; Project Management,
Required Precautions & Practices - Energized Work,required-precautions-practices-energized-work-scorm12-pfsg-qmp.zip,Safety,,Foundational,,Energized Work Practices,Safety,Electrical Safety,Foundational,Safety,,,Field Journeyman; Field Leadership; Safety; Superintendents,Field Entry; General Superintendent; Project Management,
Required Precautions & Practices - Testing & Troubleshooting,required-precautions-practices-testing-troubleshooting-scorm12-ixvxs06l.zip,Safety,,Intermediate,,Energized Work Practices,Safety,Electrical Safety,Intermediate,electrical safety; testing,,,Field Journeyman; Field Leadership; Safety; Superintendents,Field Entry; General Superintendent; Project Management,
Safe Electrical Work Practices And The 2024 NFPA 70E For Electrical Workers,safe-electrical-work-practices-and-the-2024-nfpa-70-e-for-electrical-workers-scorm12-o1fsru32.zip,Safety,,Intermediate,,Energized Work Practices,Safety,Electrical Safety,Intermediate,Safety,,,Field Journeyman; Field Leadership; Safety; Superintendents,Field Entry; General Superintendent; Project Management,
Fall Protection In Industrial And Construction Environments,3831c3b1-2959-47c3-9eb2-0bb7c0bb06cf (1).zip,Safety,,Foundational,,Fall Hazard Recognition,Safety,Working From Heights,Foundational,Safety,,,Field Entry; Field Journeyman; Field Leadership; Safety; Superintendents,General Superintendent; Other/Specialized; Project Management,
"Fall Protection In Industrial And Construction Environments: Edges, Openings And Guarding",fall-protection-in-industrial-and-construction-environments-edges-openings-and-guarding-scorm12-ulhh_oba.zip,Safety,,Foundational,,Fall Hazard Recognition,Safety,Working From Heights,Foundational,Safety,,,Field Entry; Field Journeyman; Field Leadership; Safety; Superintendents,General Superintendent; Other/Specialized; Project Management,
Using Portable and Fixed Ladders,7eb6fa30-c8f4-4239-9186-9e9be0dcd045.zip,Safety,,Foundational,,Ladder Safety,Safety,Working From Heights,Foundational,Safety,,,Field Entry; Field Journeyman; Field Leadership; Safety; Superintendents,General Superintendent; Other/Specialized; Project Management,
Return To Service Procedures,fa99d337-0243-4b21-b9b7-a54215bbda0b.zip,Safety,,Foundational,,LOTO Procedures,Safety,Lockout / Tagout,Foundational,LOTO; Return to Service,,,Field Entry; Field Journeyman; Field Leadership; Safety; Superintendents,General Superintendent; Other/Specialized; Project Management,
Lockout Tagout Procedures,095abf5a-362f-42ef-8158-994ddd66e70e.zip,Safety,,Foundational,,LOTO Procedures,Safety,Lockout / Tagout,Foundational,Safety,,,Field Entry; Field Journeyman; Field Leadership; Safety; Superintendents,General Superintendent; Other/Specialized; Project Management,
Lockout Tagout Procedures - Abnormal Lockout Removal Procedures,lockout-tagout-procedures-abnormal-lockout-removal-procedures-scorm12-x9mn1h5s (1).zip,Safety,,Foundational,,LOTO Procedures,Safety,Lockout / Tagout,Foundational,Safety,,,Field Entry; Field Journeyman; Field Leadership; Safety; Superintendents,General Superintendent; Other/Specialized; Project Management,
Lockout Tagout Procedures - Complex Lockout-Tagout Procedures,lockout-tagout-procedures-complex-lockout-tagout-procedures-scorm12-r6juiurw.zip,Safety,,Intermediate,,LOTO Procedures,Safety,Lockout / Tagout,Intermediate,Safety,,,Field Entry; Field Journeyman; Field Leadership; Safety; Superintendents,General Superintendent; Other/Specialized; Project Management,
Lockout Tagout Procedures - Hazardous Energy Control (Lockout Tagout),lockout-tagout-procedures-hazardous-energy-control-lockout-tagout-scorm12-berhmiwr.zip,Safety,,Foundational,,LOTO Procedures,Safety,Lockout / Tagout,Foundational,Safety,,,Field Entry; Field Journeyman; Field Leadership; Safety; Superintendents,General Superintendent; Other/Specialized; Project Management,
Lockout Tagout Procedures - Return To Service Procedures,lockout-tagout-procedures-return-to-service-procedures-scorm12-_dkqhcuy.zip,Safety,,Foundational,,LOTO Procedures,Safety,Lockout / Tagout,Foundational,Safety,,,Field Entry; Field Journeyman; Field Leadership; Safety; Superintendents,General Superintendent; Other/Specialized; Project Management,
Lockout Tagout Procedures - Simple Lockout-Tagout Procedures,lockout-tagout-procedures-simple-lockout-tagout-procedures-scorm12-rj5zpfvf.zip,Safety,,Foundational,,LOTO Procedures,Safety,Lockout / Tagout,Foundational,Safety,,,Field Entry; Field Journeyman; Field Leadership; Safety; Superintendents,General Superintendent; Other/Specialized; Project Management,
Lockout Tagout Procedures - Verifying a De-Energized Condition,lockout-tagout-procedures-verifying-a-de-energized-condition-scorm12-ukdghbg_.zip,Safety,,Foundational,,LOTO Procedures,Safety,Lockout / Tagout,Foundational,Safety,,,Field Entry; Field Journeyman; Field Leadership; Safety; Superintendents,General Superintendent; Other/Specialized; Project Management,
Simple Lockout-Tagout Procedures,b792b1d9-a94f-49d5-ac01-4a211024faa0.zip,Safety,,Foundational,,LOTO Procedures,Safety,Lockout / Tagout,Foundational,Safety,,,Field Entry; Field Journeyman; Field Leadership; Safety; Superintendents,General Superintendent; Other/Specialized; Project Management,
Introduction to planning and Controlling Hazards - T.R.A.C.K.,c1fd58d5-f841-41c0-b15d-5e00a8415db9.zip,Safety,Personal Safety,Foundational,,Personal Safety,Safety,Hazard Communication,Foundational,Safety; Planning,,,Field Entry; Field Journeyman; Field Leadership; Safety; Superintendents,General Superintendent; Other/Specialized; Project Management,
"Preventing Slips, Trips and Falls",35b692b7-23d3-4329-b781-9aa96ae455e8.zip,Safety,Personal Safety,Foundational,,Personal Safety,Safety,"Slips, Trips, & Falls",Foundational,Safety,,,Field Entry; Field Journeyman; Field Leadership; Safety; Superintendents,General Superintendent; Other/Specialized; Project Management,
OSHA’s Focus Four Workplace Hazards,osh-as-focus-four-workplace-hazards-scorm12-_eefrmuc.zip,Safety,Personal Safety,Foundational,,Personal Safety,Safety,,Foundational,Safety,,,Field Entry; Field Journeyman; Field Leadership; Safety; Superintendents,General Superintendent; Other/Specialized; Project Management,
Safety Coordinator - 4.0 Task Training,safety-coordinator-4-0-task-training-scorm12-1lqdglp (1).zip,Safety,Project Safety,Foundational,,Compliance & Enforcement,Safety,,Foundational,Safety,,,Field Leadership; Safety; Superintendents,General Superintendent; Project Management,
Safety Coordinator - 5.0 Safety Meetings,safety-coordinator-5-0-safety-meetings-scorm12--kplybaq.zip,Safety,Project Safety,Foundational,,Compliance & Enforcement,Safety,,Foundational,Safety,,,Field Leadership; Safety; Superintendents,General Superintendent; Project Management,
Safety Coordinator - 6.0 Project Planning & Identifying Hazards,safety-coordinator-6-0-project-planning-identifying-hazards-scorm12-pa7utguc.zip,Safety,Project Safety,Foundational,,Compliance & Enforcement,Safety,,Foundational,Safety; Planning,,,Field Leadership; Safety; Superintendents,General Superintendent; Project Management,
Safety Coordinator - 8.0 Disciplinary Action,safety-coordinator-8-0-disciplinary-action-scorm12-efm1bzaa.zip,Safety,Project Safety,Foundational,,Compliance & Enforcement,Safety,,Foundational,Safety,,,Field Leadership; Safety; Superintendents,General Superintendent; Project Management,
Safety Coordinator - 9.0 Accident & Incident Investigations,safety-coordinator-9-0-accident-incident-investigations-scorm12-viiehqfz.zip,Safety,Project Safety,Foundational,,Compliance & Enforcement,Safety,,Foundational,Safety,,,Field Leadership; Safety; Superintendents,General Superintendent; Project Management,
Types Of Chemical Hazards,5a311cb4-586b-412a-88fb-0a50c800ba67.zip,Safety,Project Safety,Foundational,,Compliance & Enforcement,Safety,,Foundational,Safety,,,Field Entry; Field Journeyman; Field Leadership; Safety; Superintendents,General Superintendent; Other/Specialized; Project Management,
Safety Coordinator - 10.0 Injury & Case Management,safety-coordinator-10-0-injury-case-management-scorm12-bhn-skit.zip,Safety,Project Safety,Foundational,,Compliance & Enforcement,Safety,,Foundational,Safety,,,Field Leadership; Safety; Superintendents,General Superintendent; Project Management,
`,chapter-4-introduction-to-safety-management-scorm12-jkruifsj.zip,Safety,,Foundational,,Safety Accountability,Safety,,Foundational,Field Leadership; Safety,,,Field Leadership; Superintendents,General Superintendent; Project Management; Safety,
Introduction to Safety Management- Introduction to Field Leadership Section - 1,introduction-to-safety-management-introduction-to-field-leadership-section-1-scorm12-xqqzeydb.zip,Safety,Project Safety,Foundational,,Safety Accountability,Safety,,Foundational,Field Leadership; Safety,,,Field Leadership; Superintendents,General Superintendent; Project Management; Safety,
Safely Accessing a Scaffold,98b56719-5696-4c87-bc57-ee2143596b89.zip,Safety,,Foundational,,Scaffold Safety,Safety,Working From Heights,Foundational,Safety,,,Field Entry; Field Journeyman; Field Leadership; Safety; Superintendents,General Superintendent; Other/Specialized; Project Management,
Supported Scaffolds and OSHA Regulations,0fed7f77-3b20-43df-90c2-6c28b3ca4a5f.zip,Safety,,Foundational,,Scaffold Safety,Safety,Working From Heights,Foundational,Safety,,,Field Entry; Field Journeyman; Field Leadership; Safety; Superintendents,General Superintendent; Other/Specialized; Project Management,
Supported Scaffolding Safety in Industrial and Construction Environments,c2ef003b-0aa1-40d0-8653-3cf6c5a31466.zip,Safety,,Foundational,,Scaffold Safety,Safety,Working From Heights,Foundational,Safety,,,Field Entry; Field Journeyman; Field Leadership; Safety; Superintendents,General Superintendent; Other/Specialized; Project Management,
Working Safely on Scaffolding,working-safely-on-scaffolding-scorm12-0txrzw9l.zip,Safety,,Foundational,,Scaffold Safety,Safety,Working From Heights,Foundational,Safety,,,Field Entry; Field Journeyman; Field Leadership; Safety; Superintendents,General Superintendent; Other/Specialized; Project Management,
TEST,test-scorm12-2n9lhzco.zip,,,,,,[TEST COURSE -- recommend removal],,,,,,,,No skill assigned - review needed; FLAG: TEST course - no skills; consider removal from catalog
[FROM FILENAME] Untitled,untitled-scorm12-xrofbisj.zip,,,,,,[UNKNOWN — needs investigation],,,,,,,,No skill assigned - review needed
