Id,Name,CourseCatalogId,IsOurs
400f60fb-0a7f-4e68-8874-6b0155365e26, authorization,b1670146-674a-4730-9e9d-d7d29ba52385,YES
3d9152a9-5228-42b9-9279-eeecb1a5bec7, Data Quality,6dec10c7-41f0-4bdc-8305-75171ac3de04,NO
060e64c1-0f8c-41e9-b3cd-9b86ff8f8bc1, Evaluation,b1670146-674a-4730-9e9d-d7d29ba52385,YES
bfe80005-cd2e-474e-b328-cd55b67727a4, Evidence,6dec10c7-41f0-4bdc-8305-75171ac3de04,NO
88e0afa7-f74c-42d9-9a0f-b1aa9f343869, Field Notes,6dec10c7-41f0-4bdc-8305-75171ac3de04,NO
62c8789b-4938-45b5-af98-064cd83556f8, Labeling,6dec10c7-41f0-4bdc-8305-75171ac3de04,NO
2f1448aa-d7aa-4c90-8454-f43db1082b7a, labor tracking,b1670146-674a-4730-9e9d-d7d29ba52385,YES
45b6a661-3268-47a8-a5c2-8d4660a462bc, lockout/tagout,b1670146-674a-4730-9e9d-d7d29ba52385,YES
c2017ae0-4106-4c45-911b-7f900b10be0b, O&M Manuals,6dec10c7-41f0-4bdc-8305-75171ac3de04,NO
7bd769c4-f781-408b-83c7-31d2c44ed76f, Photos,6dec10c7-41f0-4bdc-8305-75171ac3de04,NO
1a507e5d-abc4-4fbc-9658-4c94707b9dae, Privacy,6dec10c7-41f0-4bdc-8305-75171ac3de04,NO
346c273f-71e8-41c3-87e2-d38f1c54003d, Professionalism,6dec10c7-41f0-4bdc-8305-75171ac3de04,NO
cfef8e27-7820-4ffb-8933-10dcabd0ccb2, Receipts,6dec10c7-41f0-4bdc-8305-75171ac3de04,NO
64be30db-de6a-4492-88ef-8f196517967f, Redlines,6dec10c7-41f0-4bdc-8305-75171ac3de04,NO
b7e5c679-ec57-40f1-8131-c69dfada0a8b, Response Tracking,6dec10c7-41f0-4bdc-8305-75171ac3de04,NO
9981891c-678a-47c5-beeb-667dad6e95fe, Retention,6dec10c7-41f0-4bdc-8305-75171ac3de04,NO
792cf8a5-0c0a-4943-9f4b-12defd9dae15, Risk,6dec10c7-41f0-4bdc-8305-75171ac3de04,NO
d496ea7c-16ff-4697-9a9c-05b9d4c78cd3, Timeliness,6dec10c7-41f0-4bdc-8305-75171ac3de04,NO
14cb6131-1f2e-4000-8328-66c436d9ccb2, Turnover,6dec10c7-41f0-4bdc-8305-75171ac3de04,NO
336d44ac-d722-4d75-ab46-0b60c739cadf, Warranties,6dec10c7-41f0-4bdc-8305-75171ac3de04,NO
5783e8b9-f7ca-43af-8290-dd713e7732bf, Workflows,6dec10c7-41f0-4bdc-8305-75171ac3de04,NO
fe4527e5-64b0-437a-ac2f-6895c869a153,abnormal removal,b1670146-674a-4730-9e9d-d7d29ba52385,YES
3d7a587a-9ece-4208-8f47-52d3b827a9c2,access,b1670146-674a-4730-9e9d-d7d29ba52385,YES
aa2ffc13-048c-46c2-95e2-7326d256afc7,Accountability,6dec10c7-41f0-4bdc-8305-75171ac3de04,NO
8cbe6696-f840-4652-9e47-c7366d28a29b,accountability,b1670146-674a-4730-9e9d-d7d29ba52385,YES
dae628b2-fd82-4045-a66a-82bd910ff69e,Accountabily,6dec10c7-41f0-4bdc-8305-75171ac3de04,NO
73171800-9eea-4cfe-977b-7d23714929d0,Accounting,b1670146-674a-4730-9e9d-d7d29ba52385,YES
ca2ff270-02eb-44ff-b375-38958c088465,Accubid,070e3f2e-79cc-43ff-b0bb-1952a69cfc08,NO
b3579424-f6dc-4f4d-bfe6-d826c7b40d5b,Accubid,b1670146-674a-4730-9e9d-d7d29ba52385,YES
21e6af3f-1c46-4e7a-8a25-4d8b5d07d097,accuracy,b1670146-674a-4730-9e9d-d7d29ba52385,YES
f01e3032-4c55-4498-a198-e1571425d005,Accuracy,6dec10c7-41f0-4bdc-8305-75171ac3de04,NO
8d9b19ef-8b61-494b-9727-156cbdee4fd3,Action Items,6dec10c7-41f0-4bdc-8305-75171ac3de04,NO
b073d62e-a680-432f-9dbe-00399799d2c3,Active Listening,6dec10c7-41f0-4bdc-8305-75171ac3de04,NO
250b2169-64b3-4b8b-ac68-e0a0379c8700,Active Listening,b1670146-674a-4730-9e9d-d7d29ba52385,YES
ee867528-7e9c-421b-b854-eb36c2fdf6ca,Adaptability,b1670146-674a-4730-9e9d-d7d29ba52385,YES
2dadeded-0e2c-41c2-9f27-d24f581c5101,Add Value,6dec10c7-41f0-4bdc-8305-75171ac3de04,NO
a2005f88-3838-481d-8890-90371f1b12b9,advancement,b1670146-674a-4730-9e9d-d7d29ba52385,YES
643b6619-c32e-4445-ad39-732ae1b7420d,AED,b1670146-674a-4730-9e9d-d7d29ba52385,YES
aff1a8f4-95c8-4d2f-9729-de298f8a6a56,Alignment,b1670146-674a-4730-9e9d-d7d29ba52385,YES
46d6cc7b-d9dd-4fe4-abb0-f4a784cedbf8,analysis,b1670146-674a-4730-9e9d-d7d29ba52385,YES
b22d24fe-32af-4cf3-923b-a96ca10d69af,anchorage,b1670146-674a-4730-9e9d-d7d29ba52385,YES
3e64b486-1b64-435e-804c-dacec3f2a2c4,approach,b1670146-674a-4730-9e9d-d7d29ba52385,YES
da695f1c-e09a-4e39-81d8-af89166c629b,approach boundary,b1670146-674a-4730-9e9d-d7d29ba52385,YES
269f7319-4323-41c1-9805-e3671179908e,Approvals,6dec10c7-41f0-4bdc-8305-75171ac3de04,NO
9f5b37c7-e1c1-4cf1-8782-1b25d448147a,arc flash,b1670146-674a-4730-9e9d-d7d29ba52385,YES
472a1413-9212-4a20-80ed-c145ed45146d,As-Builts,6dec10c7-41f0-4bdc-8305-75171ac3de04,NO
4de84ec9-1aae-4856-8c0c-9c21f7c71f93,assembly,b1670146-674a-4730-9e9d-d7d29ba52385,YES
ea1f5ad7-0f9a-43f5-9ca0-90e52159342b,Assessment,b1670146-674a-4730-9e9d-d7d29ba52385,YES
5983de64-8d76-49e9-8cc8-22f95f9d2399,assignment,b1670146-674a-4730-9e9d-d7d29ba52385,YES
8fd171e4-522e-4f98-88f1-2629162f510b,atmospheric hazard,b1670146-674a-4730-9e9d-d7d29ba52385,YES
4d92966c-68f3-491a-b29d-6c0b7dd6cc31,Attendant,b1670146-674a-4730-9e9d-d7d29ba52385,YES
f7634dd4-f1cb-4559-a422-b6827770ad86,attitudes,b1670146-674a-4730-9e9d-d7d29ba52385,YES
ec3f41a6-1d0d-4eb6-8c12-5286d95919cc,Audit,6dec10c7-41f0-4bdc-8305-75171ac3de04,NO
38fea6ef-67df-4738-934a-6f186bde1c5e,Authority,6dec10c7-41f0-4bdc-8305-75171ac3de04,NO
3e25cc39-997f-45f9-9c40-c40db9b7bfbf,autonomy,b1670146-674a-4730-9e9d-d7d29ba52385,YES
1c918369-b05c-43e2-871b-1f9ceff95761,barricades,b1670146-674a-4730-9e9d-d7d29ba52385,YES
1c1b342a-993f-41c2-85ba-3eec420d836c,barriers,b1670146-674a-4730-9e9d-d7d29ba52385,YES
a042c9c6-ab7b-4352-ae67-8176bf1ac78a,basics,b1670146-674a-4730-9e9d-d7d29ba52385,YES
6197e939-d5f5-4635-8732-e51973559936,Behavior,6dec10c7-41f0-4bdc-8305-75171ac3de04,NO
909776f7-be7f-4a64-848c-99999d9e0eff,benchmarking,b1670146-674a-4730-9e9d-d7d29ba52385,YES
2e4506e5-a8aa-46a3-8b78-dc473cdff69d,benefits,b1670146-674a-4730-9e9d-d7d29ba52385,YES
72804391-1be1-482b-a550-028439f5c866,Best Practice,070e3f2e-79cc-43ff-b0bb-1952a69cfc08,NO
03d9209b-6240-4e89-99fa-95b790394765,Billings,070e3f2e-79cc-43ff-b0bb-1952a69cfc08,NO
ca101115-ddb0-4184-acea-f81714554bd9,Bluebeam,6dec10c7-41f0-4bdc-8305-75171ac3de04,NO
e397563c-b051-44ea-8638-ccfd4bbb5f2f,boundaries,b1670146-674a-4730-9e9d-d7d29ba52385,YES
9acf2254-0cc3-4809-90b5-05e641ad9610,boundary,b1670146-674a-4730-9e9d-d7d29ba52385,YES
15a611fa-c7c6-46b5-a9f5-7446ed376d4a,briefing,b1670146-674a-4730-9e9d-d7d29ba52385,YES
4de00285-a108-4f59-90b8-7ce831834465,Budget,6dec10c7-41f0-4bdc-8305-75171ac3de04,NO
ed0bb82e-e4ad-4d79-80a1-2c323a7f0a06,Budgeting,b1670146-674a-4730-9e9d-d7d29ba52385,YES
e0368f8f-7119-483b-8220-93f1c9c0a110,budgets,b1670146-674a-4730-9e9d-d7d29ba52385,YES
b3e33282-cce2-42b2-badd-eaafeab3f84d,Budgetting,b1670146-674a-4730-9e9d-d7d29ba52385,YES
d1be1fc8-a0b9-4b98-9ccb-38f8f2b406e7,categories,b1670146-674a-4730-9e9d-d7d29ba52385,YES
73cb8c79-fd74-416f-ac32-cd230248c9a7,celebration,b1670146-674a-4730-9e9d-d7d29ba52385,YES
d4d6d937-f28c-4f8c-809f-a10cfbdb5f08,Certidication,b1670146-674a-4730-9e9d-d7d29ba52385,YES
2190ebb6-67f5-48e8-a504-12c839c5092b,Change Orders,070e3f2e-79cc-43ff-b0bb-1952a69cfc08,NO
37a95ae6-ccef-4516-be11-ba04104d4cbc,Change Orders,b1670146-674a-4730-9e9d-d7d29ba52385,YES
76405535-2c3e-4462-b3a7-d1f01ec5b9b2,checklist,b1670146-674a-4730-9e9d-d7d29ba52385,YES
c04aa5fd-440b-46c0-9937-e6fd5f8219fd,chemical hazard,b1670146-674a-4730-9e9d-d7d29ba52385,YES
1ff2a8c8-92bb-40d8-9e6b-27c17bd4b3bd,Clarifying Expectations,6dec10c7-41f0-4bdc-8305-75171ac3de04,NO
df7d1df5-ce1e-445c-8f50-7ff30a31ba7d,clarity,b1670146-674a-4730-9e9d-d7d29ba52385,YES
ce925b27-918f-4dd7-a1f9-ac6b15aec664,Clarity,6dec10c7-41f0-4bdc-8305-75171ac3de04,NO
b48adff1-47aa-4f62-a79a-4c04a5ace315,Clear Messaging,b1670146-674a-4730-9e9d-d7d29ba52385,YES
2d7f43da-78ab-4645-8468-ac2c4a616b3a,Close-Out,070e3f2e-79cc-43ff-b0bb-1952a69cfc08,NO
8f6e4eb8-8993-41e6-929e-ab5bf46cb222,Closeout,6dec10c7-41f0-4bdc-8305-75171ac3de04,NO
5187b36a-09ba-4430-a1a7-e0c14bce07ee,closeout,b1670146-674a-4730-9e9d-d7d29ba52385,YES
4e3750d8-54f3-4eb9-bf8d-076939f0535b,Coaching,b1670146-674a-4730-9e9d-d7d29ba52385,YES
c8ada9f7-44c1-4f7c-ba55-7411b1a00330,Coaching,6dec10c7-41f0-4bdc-8305-75171ac3de04,NO
fa1992a7-4c61-4e2e-96a4-ca728499db62,Coaching,070e3f2e-79cc-43ff-b0bb-1952a69cfc08,NO
f2bae4cf-7175-42e4-866b-8e4c9de4e067,Colaboration,070e3f2e-79cc-43ff-b0bb-1952a69cfc08,NO
e578945a-8c84-43e8-8c28-a69877eabb31,Collaboration,b1670146-674a-4730-9e9d-d7d29ba52385,YES
92bfa3f9-ffd6-45cc-b81e-b29e6ed51df9,Communication,b1670146-674a-4730-9e9d-d7d29ba52385,YES
eb7b80d0-37ee-4959-a9ae-d5424def82bc,Communication,6dec10c7-41f0-4bdc-8305-75171ac3de04,NO
21423f2c-3b0f-43bd-bd58-f901d396130f,Company Mission,b1670146-674a-4730-9e9d-d7d29ba52385,YES
73da3330-ab43-4cf0-bac6-d9d4e3b5561b,competent person,b1670146-674a-4730-9e9d-d7d29ba52385,YES
54ccc0bf-8863-4e71-b808-9c6a2f225235,Completeness,6dec10c7-41f0-4bdc-8305-75171ac3de04,NO
55d34735-6806-4a62-a55f-7704ec5a69e4,complex lockout,b1670146-674a-4730-9e9d-d7d29ba52385,YES
a9985309-fe3e-48cf-812e-567b07116b24,compliance,b1670146-674a-4730-9e9d-d7d29ba52385,YES
585bbcf1-77c6-4150-8b95-a1df03c0a892,Compliance,6dec10c7-41f0-4bdc-8305-75171ac3de04,NO
8de71894-76c5-45c0-b3ec-e26d18a22bc8,Compliance,070e3f2e-79cc-43ff-b0bb-1952a69cfc08,NO
f45e80a0-19dd-49dc-b7d3-6db70abcb724,Computer Skills,e6eeedce-5092-416a-b16c-d1ca971f4587,NO
cdc05a97-473a-4c88-8fb0-62e0af3bbaaf,Confidentiality,6dec10c7-41f0-4bdc-8305-75171ac3de04,NO
e1318476-1a15-4afb-89fd-e0e80401b2f9,confined space,b1670146-674a-4730-9e9d-d7d29ba52385,YES
686ad7d5-61d5-4a7b-8883-af6f9344d8ae,Conflict,b1670146-674a-4730-9e9d-d7d29ba52385,YES
0f054440-3552-4486-b55e-c5cebd10645b,Conflict Avoidance,6dec10c7-41f0-4bdc-8305-75171ac3de04,NO
e5c1a73c-caba-4719-8aff-65484a3d27b0,Conflict Resolution,6dec10c7-41f0-4bdc-8305-75171ac3de04,NO
35be6073-651b-49ed-80f5-eced4f16dff9,Conflict Resolution,b1670146-674a-4730-9e9d-d7d29ba52385,YES
42372c9d-393e-49a8-90f0-7e70ad49ad55,Connection,b1670146-674a-4730-9e9d-d7d29ba52385,YES
2a131dd7-2a4f-412c-816c-330b75cbb170,consequence,b1670146-674a-4730-9e9d-d7d29ba52385,YES
388b578c-f2c5-475c-9fd8-5b52e7f02596,Consistency,6dec10c7-41f0-4bdc-8305-75171ac3de04,NO
6119fa42-b1e9-4643-92aa-02b232372c79,Construction,b1670146-674a-4730-9e9d-d7d29ba52385,YES
8523f9ff-729c-4634-9c57-94bd3ca829a2,Constructive Feedback,6dec10c7-41f0-4bdc-8305-75171ac3de04,NO
c0751a5b-91aa-4f52-a0e2-2f3d9a51c458,Continuous Improvement,6dec10c7-41f0-4bdc-8305-75171ac3de04,NO
b3ae5da4-e34e-4498-9176-5f2e38826458,Continuous Improvement,b1670146-674a-4730-9e9d-d7d29ba52385,YES
40678605-c16b-4e89-987f-bcc53b11972e,control,b1670146-674a-4730-9e9d-d7d29ba52385,YES
ea277737-30f7-44e7-82e0-9ae94ae39731,controls,b1670146-674a-4730-9e9d-d7d29ba52385,YES
d0f49652-915d-48da-a244-0df6c49dfc0b,conversations,b1670146-674a-4730-9e9d-d7d29ba52385,YES
581ad499-a3e3-49f5-8a1c-657238e41577,coordination,b1670146-674a-4730-9e9d-d7d29ba52385,YES
311129a1-609b-4a81-94eb-72c5f8696cbc,Coordination,6dec10c7-41f0-4bdc-8305-75171ac3de04,NO
a898fe40-56b6-41c7-b346-8b73a87ba019,cost,b1670146-674a-4730-9e9d-d7d29ba52385,YES
71e1b19e-f5e3-4725-a740-542c00eb373b,cost codes,b1670146-674a-4730-9e9d-d7d29ba52385,YES
d4f0d121-bc0a-4b86-a536-02ea3aeecfb9,cost control,b1670146-674a-4730-9e9d-d7d29ba52385,YES
abfd0475-bc69-43a6-afd2-dc6c796ea4a1,Counseling,b1670146-674a-4730-9e9d-d7d29ba52385,YES
ec5da20e-8891-440d-8556-dfbcb4417884,Counseling,6dec10c7-41f0-4bdc-8305-75171ac3de04,NO
7516aeb9-9104-480f-97b0-41a370121c46,counseling form,b1670146-674a-4730-9e9d-d7d29ba52385,YES
9f696efb-ce0c-4ff7-8533-9c8747bad92c,cpr,b1670146-674a-4730-9e9d-d7d29ba52385,YES
47deee71-83ab-4e19-bf8f-8716c9cdae96,Culture,6dec10c7-41f0-4bdc-8305-75171ac3de04,NO
47d90539-b685-4195-8acd-d4945ed320d4,Culture,b1670146-674a-4730-9e9d-d7d29ba52385,YES
705a253c-6122-4b2b-8fed-ffc863719a15,Daily Reports,6dec10c7-41f0-4bdc-8305-75171ac3de04,NO
237e9f6f-1928-4e34-875b-a127baf52f00,data collection,b1670146-674a-4730-9e9d-d7d29ba52385,YES
9d3e4a7b-953d-490a-b498-00a092faa935,Data Entry,6dec10c7-41f0-4bdc-8305-75171ac3de04,NO
cea63bd9-ef24-4dfb-b13e-69010ab6e4c5,de-escalation,b1670146-674a-4730-9e9d-d7d29ba52385,YES
ab131f04-e975-49b1-860f-571b07b1a9d5,Decision-Making,b1670146-674a-4730-9e9d-d7d29ba52385,YES
5ecdd8ec-a2fc-42a3-aff9-69bcb145743d,decisions,b1670146-674a-4730-9e9d-d7d29ba52385,YES
3835fbd9-b0f8-4737-8d0e-ecc9deb1aac8,Decisions,6dec10c7-41f0-4bdc-8305-75171ac3de04,NO
bce1a436-102d-42fc-b801-d32a3435d41a,Defensiveness,b1670146-674a-4730-9e9d-d7d29ba52385,YES
d781a5a8-b66d-4f74-933d-b0cdde5e9efb,Delegation,b1670146-674a-4730-9e9d-d7d29ba52385,YES
aab29325-dd30-4280-a3aa-9fae686faa05,delivery,b1670146-674a-4730-9e9d-d7d29ba52385,YES
bcfb2bba-2e16-4670-8527-9d7a6847c72e,Development,b1670146-674a-4730-9e9d-d7d29ba52385,YES
efd8118d-9f47-4a26-aece-2aa598b65308,diagnostics,b1670146-674a-4730-9e9d-d7d29ba52385,YES
ddc38e63-83c6-4b3e-b51e-cf6c40d226be,difficult,b1670146-674a-4730-9e9d-d7d29ba52385,YES
25e29c1b-465e-452f-9f46-84e6b6ee58af,Discipline,b1670146-674a-4730-9e9d-d7d29ba52385,YES
27d47eaa-cda2-4ef5-a3cb-c8c800b7a79a,dispute,b1670146-674a-4730-9e9d-d7d29ba52385,YES
34f49f50-9f86-461e-979d-61eb6f0dceb7,Distribution,6dec10c7-41f0-4bdc-8305-75171ac3de04,NO
af911c1d-1014-486b-891b-a997abb9d777,Document Control,6dec10c7-41f0-4bdc-8305-75171ac3de04,NO
0928cfcc-7c1d-414a-88b9-e394638ac45c,Document Control,b1670146-674a-4730-9e9d-d7d29ba52385,YES
3634e8bd-2728-4871-b57e-7a4a70983dc2,Documentation,b1670146-674a-4730-9e9d-d7d29ba52385,YES
1e138812-ba44-4a51-a74d-ef9f53ba3bab,Documentation,6dec10c7-41f0-4bdc-8305-75171ac3de04,NO
6f785956-a312-4b02-b255-0125cd837ea6,documentation & compliance,b1670146-674a-4730-9e9d-d7d29ba52385,YES
1b909c18-f79d-481b-ba94-d7387646977c,Documenting,6dec10c7-41f0-4bdc-8305-75171ac3de04,NO
bf6aea2f-a1e4-4595-922b-f429237c7394,Drawings,6dec10c7-41f0-4bdc-8305-75171ac3de04,NO
692cee19-daf6-4f99-acd4-57831eb574c4,E-mail,b1670146-674a-4730-9e9d-d7d29ba52385,YES
151bbb86-46f3-430a-baab-e5c00be88c03,E-Mail,6dec10c7-41f0-4bdc-8305-75171ac3de04,NO
34ac193d-572a-465b-938c-c4a0e6790d77,edges,b1670146-674a-4730-9e9d-d7d29ba52385,YES
845cbfe3-3d71-4833-ad26-2c154381539d,effective teams,b1670146-674a-4730-9e9d-d7d29ba52385,YES
0bd63f63-935b-4d2f-a152-9e97fab0a3b6,Efficiency,b1670146-674a-4730-9e9d-d7d29ba52385,YES
d78f9a3f-cd88-485e-ae1b-019b2133bb76,egress,b1670146-674a-4730-9e9d-d7d29ba52385,YES
9227b247-cd64-47e2-bf18-07d69f244f52,electrical hazard,b1670146-674a-4730-9e9d-d7d29ba52385,YES
7dcc07a3-0d8c-48ad-ba67-3dfe77e8271b,electrical safety,b1670146-674a-4730-9e9d-d7d29ba52385,YES
d51ccc85-9e81-47bd-96ce-5df6fe4e43b1,Eliminate Waste,b1670146-674a-4730-9e9d-d7d29ba52385,YES
5218d49a-f1b8-4a57-8614-81cc93f35eec,Emotional Control,6dec10c7-41f0-4bdc-8305-75171ac3de04,NO
eb7a116c-05a7-44fb-8d8f-1f1f7ad3b087,Emotional Intelligence,d3c56e4d-aa58-4581-a523-1c39f0d62619,NO
a0bca915-631e-442b-9ce5-53b272fc49d1,Emotional Intelligence,6dec10c7-41f0-4bdc-8305-75171ac3de04,NO
ed9b0de0-2acf-4e80-b412-ed24c616035b,Emotional Intelligence,b1670146-674a-4730-9e9d-d7d29ba52385,YES
8d444266-ea82-43f8-9c49-6110b8793dec,Emotional Management,b1670146-674a-4730-9e9d-d7d29ba52385,YES
dfe61afd-6fb3-4b91-a0ba-91e47f915961,Emotional Regulation,b1670146-674a-4730-9e9d-d7d29ba52385,YES
ca4ccfcb-d075-49f0-8bca-24ed5a891d24,Emotional Understanding,b1670146-674a-4730-9e9d-d7d29ba52385,YES
468d6110-addb-4379-bf29-2f43c6d89029,Empathy,6dec10c7-41f0-4bdc-8305-75171ac3de04,NO
7fddb519-60ee-4dfa-b6c6-ccab92480736,Empathy,b1670146-674a-4730-9e9d-d7d29ba52385,YES
0f6071cd-9aa2-400e-b1d5-5a086f342469,Employee Performance,6dec10c7-41f0-4bdc-8305-75171ac3de04,NO
d262907f-4206-4f66-bff1-22701615f9e4,employee rights,b1670146-674a-4730-9e9d-d7d29ba52385,YES
087e1d8f-7f8c-40f2-a63d-687d3acf97ec,Empowerment,b1670146-674a-4730-9e9d-d7d29ba52385,YES
fb6ca731-6af2-47a0-8885-58b2dea7d225,Energize,b1670146-674a-4730-9e9d-d7d29ba52385,YES
b6127b20-7f64-4903-b608-574bd7ce4907,Energized Work,6dec10c7-41f0-4bdc-8305-75171ac3de04,NO
fcfd93fa-e38c-4878-a335-6d3bbffed817,energized work,b1670146-674a-4730-9e9d-d7d29ba52385,YES
9cd804f1-b2e5-476b-ac0a-1b6d09d6b7b6,energy control,b1670146-674a-4730-9e9d-d7d29ba52385,YES
b440b1f2-e6f7-411f-a59f-24368aebf547,Engagement,b1670146-674a-4730-9e9d-d7d29ba52385,YES
c06c6ae9-a1cf-4540-b960-3605e01000aa,engulfment,b1670146-674a-4730-9e9d-d7d29ba52385,YES
7510894d-90bb-4e53-b8a8-cdf36fb20538,entrant,b1670146-674a-4730-9e9d-d7d29ba52385,YES
6f42e9b0-df74-42a8-afb0-149e934c3e04,entrapment,b1670146-674a-4730-9e9d-d7d29ba52385,YES
39bf7069-32b7-4f47-9aab-5e2498106f4e,entry,b1670146-674a-4730-9e9d-d7d29ba52385,YES
8b0135ad-0bbc-4058-ad3c-d469a828e7e5,entry permit,b1670146-674a-4730-9e9d-d7d29ba52385,YES
5ac7d206-3181-4435-b35a-e79c5dce4689,entry restriction,b1670146-674a-4730-9e9d-d7d29ba52385,YES
a187cbad-a806-40a9-b984-c0964ed80755,equipment,b1670146-674a-4730-9e9d-d7d29ba52385,YES
0bf4d770-7160-40f8-88b3-0fe95dce0129,Escalation,6dec10c7-41f0-4bdc-8305-75171ac3de04,NO
d3afe01a-547a-4d77-8ef4-3da1f5e410a2,escalation,b1670146-674a-4730-9e9d-d7d29ba52385,YES
df955554-8ad7-4df3-b1e0-747ae5839a4d,Estimating,b1670146-674a-4730-9e9d-d7d29ba52385,YES
a286befa-ce4f-466c-9edb-f29fc85e9289,Estimating,070e3f2e-79cc-43ff-b0bb-1952a69cfc08,NO
2d0e3e3a-d5c3-4340-9709-b68076fab9a4,Ethics,6dec10c7-41f0-4bdc-8305-75171ac3de04,NO
32969580-c4e7-45fd-80f4-9db53360b942,evaluation process,b1670146-674a-4730-9e9d-d7d29ba52385,YES
5d7382ff-4078-4cb3-908d-298085f4d076,evaluations,b1670146-674a-4730-9e9d-d7d29ba52385,YES
b2f32265-5210-4c6f-8445-e9cc9b9d583d,examples,b1670146-674a-4730-9e9d-d7d29ba52385,YES
221b5cfc-3bee-405c-808f-bdb0483e92eb,Excel,b1670146-674a-4730-9e9d-d7d29ba52385,YES
aaeca9b5-5f6f-47ea-bc4e-feb7fba1c620,Excel,6dec10c7-41f0-4bdc-8305-75171ac3de04,NO
8987d841-c730-4e5f-9cb9-540c3d1f0c37,Excel import,b1670146-674a-4730-9e9d-d7d29ba52385,YES
efaa8c61-86ae-4431-9590-3b2bb2c6ff31,exceptions,b1670146-674a-4730-9e9d-d7d29ba52385,YES
f0fc4c80-a8c0-45e1-9705-b0367ab92a55,exclusive control,b1670146-674a-4730-9e9d-d7d29ba52385,YES
181c54c2-08ff-462c-acf6-6fdf7dba1adc,execution,b1670146-674a-4730-9e9d-d7d29ba52385,YES
55abd52e-0118-4488-8370-f0f8dc893c26,expectations,b1670146-674a-4730-9e9d-d7d29ba52385,YES
bfe95826-65ae-4a18-9900-7519c6d2d7dc,expectations & onboarding,b1670146-674a-4730-9e9d-d7d29ba52385,YES
073debfc-1425-4252-892f-e9cf1ad777dc,Expenses,6dec10c7-41f0-4bdc-8305-75171ac3de04,NO
583b73e6-aa6c-42c3-b61b-71f7337213e5,Experience,6dec10c7-41f0-4bdc-8305-75171ac3de04,NO
3c513332-4be0-4155-b6f0-0fae72c3bcae,Extreme Ownership,b1670146-674a-4730-9e9d-d7d29ba52385,YES
35a05baa-2124-4d33-8f27-02483c4e9141,extrinsic,b1670146-674a-4730-9e9d-d7d29ba52385,YES
df91d6a8-4b20-4d48-8f78-f147c1d07ce6,Fairness,6dec10c7-41f0-4bdc-8305-75171ac3de04,NO
588ca6b7-6414-40fb-9e97-27633f35fb82,fall arrest,b1670146-674a-4730-9e9d-d7d29ba52385,YES
f0618abe-8fd8-4f64-95ac-6b5547d415d7,fall protection,b1670146-674a-4730-9e9d-d7d29ba52385,YES
138e89d9-4592-404e-830a-4c4de8c6098c,falls,b1670146-674a-4730-9e9d-d7d29ba52385,YES
d8f86725-7e06-423b-94db-bb2166f3d418,Feedback,b1670146-674a-4730-9e9d-d7d29ba52385,YES
12f798b7-9ab3-4982-83ce-082c6bf12825,field data,b1670146-674a-4730-9e9d-d7d29ba52385,YES
eabb396f-cf75-4dd2-93a8-1be8d8a68ec5,Field Leadership,b1670146-674a-4730-9e9d-d7d29ba52385,YES
9868a141-ed67-4b2c-b57d-f484e00d23e5,file naming,b1670146-674a-4730-9e9d-d7d29ba52385,YES
2081100f-4097-4d51-9cdb-d565e2b6848d,Filing,6dec10c7-41f0-4bdc-8305-75171ac3de04,NO
df37db32-f848-4ca1-b767-93a46b15d909,finalize,b1670146-674a-4730-9e9d-d7d29ba52385,YES
2fd83a79-6008-499f-8973-c0d99029a1f5,First Aid,b1670146-674a-4730-9e9d-d7d29ba52385,YES
e136fe86-6567-4d49-9d93-3628076f7aaa,five-point scale,b1670146-674a-4730-9e9d-d7d29ba52385,YES
144da7de-5bf9-4777-9244-aecceeccb56a,Flow,b1670146-674a-4730-9e9d-d7d29ba52385,YES
19449b55-b75b-45e8-b567-8a3874445aaf,Follow-through,b1670146-674a-4730-9e9d-d7d29ba52385,YES
41f8b9e3-e1c0-459c-80ce-83eca7a191c6,Follow-up,b1670146-674a-4730-9e9d-d7d29ba52385,YES
307d8360-91e5-4d9b-b070-cdfc7def74fe,Follow-Up,6dec10c7-41f0-4bdc-8305-75171ac3de04,NO
40cb3eec-6756-440d-b699-90d5875b5594,footwear,b1670146-674a-4730-9e9d-d7d29ba52385,YES
4ecd428f-9704-49d8-ba19-6c379b7e6a30,forecasting,b1670146-674a-4730-9e9d-d7d29ba52385,YES
1dd4c0d2-ba31-47fc-b431-a4402e02274c,Forecasting,070e3f2e-79cc-43ff-b0bb-1952a69cfc08,NO
56b69644-5db9-440a-b234-d55c9bd3ab0d,Forecasting,6dec10c7-41f0-4bdc-8305-75171ac3de04,NO
df2a05e8-1c97-4ce7-9e17-35946f7cb964,foreman,b1670146-674a-4730-9e9d-d7d29ba52385,YES
762cf9cb-49ab-4c33-be1c-33dad0b6a9e4,Foreman Training,b1670146-674a-4730-9e9d-d7d29ba52385,YES
1925b7a6-a389-4689-b953-4ef7fede1ee4,foundation,b1670146-674a-4730-9e9d-d7d29ba52385,YES
b7e6a84c-6b52-4766-a1f2-be42a306306a,Frontline Leadership,b1670146-674a-4730-9e9d-d7d29ba52385,YES
997720b6-e680-479d-859a-e0c8eca61c21,fundamentals,b1670146-674a-4730-9e9d-d7d29ba52385,YES
8a138518-3170-44e1-af26-cb4baae25c3a,GHS,b1670146-674a-4730-9e9d-d7d29ba52385,YES
903bb0fe-fa00-480b-a425-ab6995d27952,Global harmonized system,b1670146-674a-4730-9e9d-d7d29ba52385,YES
499442fa-b764-4552-a1af-383d8230c163,Goal-setting,b1670146-674a-4730-9e9d-d7d29ba52385,YES
e083e9cd-5efa-4aa8-a042-165227b80ec0,Goals,6dec10c7-41f0-4bdc-8305-75171ac3de04,NO
d4df13e5-19d9-4c42-9df8-45125e5f38f4,guarding,b1670146-674a-4730-9e9d-d7d29ba52385,YES
d1f1a295-f963-458f-9b7b-adc5eea9c077,guardrail,b1670146-674a-4730-9e9d-d7d29ba52385,YES
0670ccd2-db24-4a0d-9f44-974631b0b11d,Handoffs,b1670146-674a-4730-9e9d-d7d29ba52385,YES
7b87475c-dd16-44d2-af2c-62e2f4d6bf69,handover,b1670146-674a-4730-9e9d-d7d29ba52385,YES
721ca897-4753-4dd1-8480-d76e72cef4b9,handrail,b1670146-674a-4730-9e9d-d7d29ba52385,YES
e55d0c6b-f941-4b24-a49a-58c9cccea8fc,harness,b1670146-674a-4730-9e9d-d7d29ba52385,YES
da912773-5a8d-478d-aa84-4cef228c3cf9,hazard,b1670146-674a-4730-9e9d-d7d29ba52385,YES
f630a60b-f439-4b7d-97bf-b36eafc96537,hazard communication,b1670146-674a-4730-9e9d-d7d29ba52385,YES
1bf5265e-5891-4204-9368-6b93f0ed9fd8,hazard control,b1670146-674a-4730-9e9d-d7d29ba52385,YES
fbd3d51f-5116-4e2d-bff1-e9fbb8c7fd6b,Hazard Elimination,b1670146-674a-4730-9e9d-d7d29ba52385,YES
da46f2d8-e3e4-4982-9e8c-c01e7ca03f8f,hazard identification,b1670146-674a-4730-9e9d-d7d29ba52385,YES
4f22f73d-2f0a-40df-b5b8-b12d4f0d3392,hazard statement,b1670146-674a-4730-9e9d-d7d29ba52385,YES
3561cc0d-29f6-4320-bdb1-86a694a7c51f,hazardous atmosphere,b1670146-674a-4730-9e9d-d7d29ba52385,YES
d106fe6f-6eb6-4831-8a32-cac854957a70,hazardous energy,b1670146-674a-4730-9e9d-d7d29ba52385,YES
474b14f1-5711-40fc-b475-7af9e315bef4,health hazard,b1670146-674a-4730-9e9d-d7d29ba52385,YES
7c1d430c-203f-410d-b015-f7bc099ceffb,hide tabs,b1670146-674a-4730-9e9d-d7d29ba52385,YES
83a3d7d2-e897-46c0-a0ca-8f8078661cd4,hoisting,b1670146-674a-4730-9e9d-d7d29ba52385,YES
fad92bd6-f615-46c8-82e8-a237220cad0a,honesty,b1670146-674a-4730-9e9d-d7d29ba52385,YES
da16a906-8cff-4eed-8cb0-d068dc87581b,hours per unit,b1670146-674a-4730-9e9d-d7d29ba52385,YES
1c97233e-c636-4064-b410-fa2713028784,housekeeping,b1670146-674a-4730-9e9d-d7d29ba52385,YES
e686523e-37b8-4571-949a-1fc02e079779,HR,6dec10c7-41f0-4bdc-8305-75171ac3de04,NO
dfb70cc7-2ec1-475f-b518-4ddaa6f94f10,identification,b1670146-674a-4730-9e9d-d7d29ba52385,YES
4a02d82b-83d3-4e15-97fa-9e818004be35,IDLH,b1670146-674a-4730-9e9d-d7d29ba52385,YES
86e98d8a-3acc-4bdb-9809-2b3b6ea18217,Improvement,b1670146-674a-4730-9e9d-d7d29ba52385,YES
88024f51-3d17-4520-9251-10cb57c8f2e2,incident energy,b1670146-674a-4730-9e9d-d7d29ba52385,YES
58f13095-0efc-4f8d-b07a-f30f7ca485ea,Industry Change,b1670146-674a-4730-9e9d-d7d29ba52385,YES
71ae7fcd-9d17-484d-85a3-92875248497a,Inspection,b1670146-674a-4730-9e9d-d7d29ba52385,YES
c2ede249-5c41-4e86-8a58-b3f877bded61,insulated tools,b1670146-674a-4730-9e9d-d7d29ba52385,YES
58b40625-9252-4cbc-a81c-4b7d42f2f4be,Integrity,b1670146-674a-4730-9e9d-d7d29ba52385,YES
134f179e-00ef-4203-bac5-19d69c814d6c,intrinsic,b1670146-674a-4730-9e9d-d7d29ba52385,YES
f0c0f8a0-beb1-4bba-886d-3e126211f9f6,Invoices,070e3f2e-79cc-43ff-b0bb-1952a69cfc08,NO
0b527ca0-6eec-48da-af33-cbe2c5444a72,isolation,b1670146-674a-4730-9e9d-d7d29ba52385,YES
407b2b9b-7b53-4e7f-bb0a-753bbe619ea1,issue,b1670146-674a-4730-9e9d-d7d29ba52385,YES
14090492-0096-4827-b9f5-a163848eedc6,job analysis,b1670146-674a-4730-9e9d-d7d29ba52385,YES
41e65443-e447-434d-90ae-06cc97724e99,job info,b1670146-674a-4730-9e9d-d7d29ba52385,YES
c439575a-4716-4663-b948-42af01bbf677,job plan,b1670146-674a-4730-9e9d-d7d29ba52385,YES
410c47d7-fe23-45c9-88ff-b4c8c68b3a18,Job Plan,6dec10c7-41f0-4bdc-8305-75171ac3de04,NO
390af392-d7b8-47eb-9e2d-ce893ced84b4,Job Plan,070e3f2e-79cc-43ff-b0bb-1952a69cfc08,NO
74f28dac-3819-479e-bc37-817f812ec3c2,job satisfaction,b1670146-674a-4730-9e9d-d7d29ba52385,YES
ead07c28-cb23-4efb-b8a9-1d8a38e8d61e,job structure,b1670146-674a-4730-9e9d-d7d29ba52385,YES
b86e9f5f-e48f-4771-84c0-d85d960be743,Jobsite,070e3f2e-79cc-43ff-b0bb-1952a69cfc08,NO
55bb1fa7-6136-487d-8b49-f653f2747f4d,jobsite efficiency,b1670146-674a-4730-9e9d-d7d29ba52385,YES
f7e19525-a7b6-480a-bf52-41ebe5494ad2,just-in-time,b1670146-674a-4730-9e9d-d7d29ba52385,YES
27427efb-6fb2-4b17-86b5-2e4c35d475ef,Kaizen,b1670146-674a-4730-9e9d-d7d29ba52385,YES
17ff5daa-f0ab-4e51-adf2-dcdbd1d6136f,kickoff,b1670146-674a-4730-9e9d-d7d29ba52385,YES
7d9e4503-4694-41eb-af6b-057860a46f43,Knowledge,6dec10c7-41f0-4bdc-8305-75171ac3de04,NO
9091559f-9bb1-42d7-ad30-cd9cb4d3f504,label,b1670146-674a-4730-9e9d-d7d29ba52385,YES
7c31f95f-3f93-496d-b825-c726d591f685,"label,",b1670146-674a-4730-9e9d-d7d29ba52385,YES
8b9c19e0-55f8-4b43-a56f-8553ff14a70b,Labor,070e3f2e-79cc-43ff-b0bb-1952a69cfc08,NO
e82562de-57da-40f5-8b99-b4669779515a,labor,b1670146-674a-4730-9e9d-d7d29ba52385,YES
4fcd4325-e6b3-402b-8514-7c60b3112625,labor projection,b1670146-674a-4730-9e9d-d7d29ba52385,YES
8378a15c-6863-4a4b-8f72-3515da431540,ladder,b1670146-674a-4730-9e9d-d7d29ba52385,YES
779ac8c8-5040-41b7-877f-4c8b013d8fbf,ladder safety,b1670146-674a-4730-9e9d-d7d29ba52385,YES
34c738db-352d-429c-9ff0-5f3da96fe6b7,ladders,b1670146-674a-4730-9e9d-d7d29ba52385,YES
036ddfbd-220a-4145-b43e-0d1af908178a,lanyard,b1670146-674a-4730-9e9d-d7d29ba52385,YES
7b4266a2-8ea8-45c7-8dde-1a077f8a0e9e,Leadership,d3c56e4d-aa58-4581-a523-1c39f0d62619,NO
031f5155-0074-451b-9622-4cf2d1ba40c1,Leadership,b1670146-674a-4730-9e9d-d7d29ba52385,YES
23b3989e-b2c7-455d-8df1-879045240dc3,Leadership,070e3f2e-79cc-43ff-b0bb-1952a69cfc08,NO
1afa2924-3f77-4b34-b490-f4c5ec24c179,Leadership Basics,b1670146-674a-4730-9e9d-d7d29ba52385,YES
6b019990-39d3-4634-bee3-f56a97b088f5,leadership roles,b1670146-674a-4730-9e9d-d7d29ba52385,YES
357766bf-d213-45ef-bef4-6af1d12e57f2,Lean,b1670146-674a-4730-9e9d-d7d29ba52385,YES
a2e198dd-9ad6-4cab-93e1-4ce5095937a4,Lean Adoption,b1670146-674a-4730-9e9d-d7d29ba52385,YES
a683bd3a-71de-4e8c-809e-b0d29cda03c9,Lean Construction,b1670146-674a-4730-9e9d-d7d29ba52385,YES
f0d863eb-b97f-47f5-a618-53be19d7d498,Lean Principles ,b1670146-674a-4730-9e9d-d7d29ba52385,YES
fc0b189f-9a67-4631-9aea-86d9360957d7,Lean Skills,b1670146-674a-4730-9e9d-d7d29ba52385,YES
eb8b7010-7c63-4f8a-a62c-c48a00bfb46c,lifecycle,b1670146-674a-4730-9e9d-d7d29ba52385,YES
13ea4452-6073-4aab-a212-031abcdd0745,limited,b1670146-674a-4730-9e9d-d7d29ba52385,YES
6c6a70e2-d6c7-48c4-96d7-d06eb79882bf,Listening,b1670146-674a-4730-9e9d-d7d29ba52385,YES
542c8cb2-0198-4dd7-87ef-e7307a194f20,load,b1670146-674a-4730-9e9d-d7d29ba52385,YES
2ef31c21-dfa3-45dc-b52f-ad03654969f7,lockout,b1670146-674a-4730-9e9d-d7d29ba52385,YES
e53e49a5-148b-478f-aa6d-0bd506237656,logistics,b1670146-674a-4730-9e9d-d7d29ba52385,YES
d1b8cabf-0699-4e2c-83aa-5177e6faa1ca,Lookahead,6dec10c7-41f0-4bdc-8305-75171ac3de04,NO
d9827153-cdf2-4ae6-a157-c06f06e28895,LOTO,b1670146-674a-4730-9e9d-d7d29ba52385,YES
d12527ba-cdfe-46a0-b71a-74579c3dc711,Lump Sum,b1670146-674a-4730-9e9d-d7d29ba52385,YES
26ce2841-ef49-429a-b507-1db0469d0451,maintenance,b1670146-674a-4730-9e9d-d7d29ba52385,YES
68e74b15-e5a8-4162-85de-ac6028a81e0d,Manpower,070e3f2e-79cc-43ff-b0bb-1952a69cfc08,NO
ada51f27-83fd-4700-9413-d48093e9205c,Material Handling,070e3f2e-79cc-43ff-b0bb-1952a69cfc08,NO
ffcf3cd8-74fc-41dc-a850-d2819bb8709a,Materials,070e3f2e-79cc-43ff-b0bb-1952a69cfc08,NO
387771b5-4e00-4b6c-bb37-85f21b5b625f,materials handling,b1670146-674a-4730-9e9d-d7d29ba52385,YES
b401bdcb-0396-4d07-a21a-98c710ed4a2a,Meaningful Work,b1670146-674a-4730-9e9d-d7d29ba52385,YES
a23ac9e7-271d-4bd2-abc3-3a6693eebc48,mechanical hazard,b1670146-674a-4730-9e9d-d7d29ba52385,YES
c8125b32-6017-43a0-a7ea-157567a013d0,Meeting Minutes,6dec10c7-41f0-4bdc-8305-75171ac3de04,NO
04c8c983-bf94-4cf3-8b9b-fcde077d15da,meetings,b1670146-674a-4730-9e9d-d7d29ba52385,YES
0ecb8daf-b7ce-4a29-802e-77c1cf756eb7,Mentoring,b1670146-674a-4730-9e9d-d7d29ba52385,YES
325adb46-5cf6-4be9-8e77-e71ef3ee78f0,Mentoring,6dec10c7-41f0-4bdc-8305-75171ac3de04,NO
3576c728-85ad-4949-adc0-ac9d434aff4d,Micro-Learning,070e3f2e-79cc-43ff-b0bb-1952a69cfc08,NO
8bec52fc-3a56-4786-bbbd-dabbb77ae176,Mission,b1670146-674a-4730-9e9d-d7d29ba52385,YES
5cc7ea6d-72a0-4ed7-b467-97774d793438,Mission-Focused,b1670146-674a-4730-9e9d-d7d29ba52385,YES
4dd510e3-48ac-4455-a008-8c5809b4cde6,monitoring,b1670146-674a-4730-9e9d-d7d29ba52385,YES
275c1697-f366-4a37-86a0-9f55a4f12a85,morale,b1670146-674a-4730-9e9d-d7d29ba52385,YES
47a33da3-5637-4254-a32d-65bc708702ee,Motivation,b1670146-674a-4730-9e9d-d7d29ba52385,YES
2e60d753-8a95-463d-b014-d9dcf082cf81,Motivation,d3c56e4d-aa58-4581-a523-1c39f0d62619,NO
086bba8e-3b5c-4aa4-ac44-357d2c38154e,mud sill,b1670146-674a-4730-9e9d-d7d29ba52385,YES
b460ec01-ca3a-49cd-bf8d-05738e6d7b7f,multitasking,b1670146-674a-4730-9e9d-d7d29ba52385,YES
c7eed943-ed68-49f4-a246-e8c9e9fa6dd5,Naming Standards,6dec10c7-41f0-4bdc-8305-75171ac3de04,NO
00c7cb9b-a823-493d-9ad7-fc5fb389c5ef,Negotiation,b1670146-674a-4730-9e9d-d7d29ba52385,YES
059689f7-a5be-4068-859c-410754a255be,net,b1670146-674a-4730-9e9d-d7d29ba52385,YES
9e637d1b-c6d5-4847-92d5-d319a2a31187,nets,b1670146-674a-4730-9e9d-d7d29ba52385,YES
c72eab67-c787-401f-ae10-bc2cceef0338,NFPA 70E,b1670146-674a-4730-9e9d-d7d29ba52385,YES
23118619-49f1-44e9-b56d-038dd4ebf278,notification,b1670146-674a-4730-9e9d-d7d29ba52385,YES
96e186f5-64f9-4bc1-8f70-a4e1013240d5,occupational safety,b1670146-674a-4730-9e9d-d7d29ba52385,YES
6731c37c-eeb1-4409-9db2-d010c84ac007,Office,b1670146-674a-4730-9e9d-d7d29ba52385,YES
7d9f8c96-e2ba-4700-8750-3bc463f8bb36,openings,b1670146-674a-4730-9e9d-d7d29ba52385,YES
75135589-1504-4a14-8145-90bf3f188a70,Organization,6dec10c7-41f0-4bdc-8305-75171ac3de04,NO
48290a05-9136-4cc8-8d62-0e4454460e10,organizational chart,b1670146-674a-4730-9e9d-d7d29ba52385,YES
1a75b8b5-3df2-44d4-a49a-70b501f1e6d9,OSHA,070e3f2e-79cc-43ff-b0bb-1952a69cfc08,NO
a617c19f-ad6a-4315-8deb-8ed28395ebf1,OSHA,b1670146-674a-4730-9e9d-d7d29ba52385,YES
8c0c0119-98f3-4ded-8526-f737c9b50c73,Outlook,b1670146-674a-4730-9e9d-d7d29ba52385,YES
1e021b0c-cb21-4136-b77d-f0fa72647d8d,"oversight & supervision,",b1670146-674a-4730-9e9d-d7d29ba52385,YES
f9e2aa24-1338-4638-b1a6-a208fba6d66f,Ownership,b1670146-674a-4730-9e9d-d7d29ba52385,YES
b3d48d56-122e-45da-b210-ed699fd9b01e,partnership,b1670146-674a-4730-9e9d-d7d29ba52385,YES
741391b4-04b1-4c57-93dc-37f1daba38ff,Payroll,6dec10c7-41f0-4bdc-8305-75171ac3de04,NO
7cb5e3b2-c7f4-4cfa-8c49-43b9bdff300b,PDCA,6dec10c7-41f0-4bdc-8305-75171ac3de04,NO
08726dd9-45a6-476f-b1bf-65d0b5861100,PDF,6dec10c7-41f0-4bdc-8305-75171ac3de04,NO
07526aab-0f7a-4268-a44a-a751fcbc6e77,performance,b1670146-674a-4730-9e9d-d7d29ba52385,YES
b99cd1e5-0086-4ddd-8cde-da4521e41dd5,Performance,6dec10c7-41f0-4bdc-8305-75171ac3de04,NO
a292eb56-dca4-4d73-97c0-1bd808167013,performance management,b1670146-674a-4730-9e9d-d7d29ba52385,YES
b6c5cb5d-dc43-4551-8583-c2b6bf0615a3,permit,b1670146-674a-4730-9e9d-d7d29ba52385,YES
6fb741be-d72a-4fe0-a8e0-6480a78ac900,permit-required,b1670146-674a-4730-9e9d-d7d29ba52385,YES
45544a91-26e4-4cb4-b59f-db078cfe7ff0,permits,b1670146-674a-4730-9e9d-d7d29ba52385,YES
0491c58a-06d2-4033-a213-f2e9b56e2b8a,Personal Development,b1670146-674a-4730-9e9d-d7d29ba52385,YES
98eee124-b2de-44bb-9a9d-c17968a6d2f8,Personal Protection,b1670146-674a-4730-9e9d-d7d29ba52385,YES
4b4f462b-6d8f-42c0-8053-71c740e24fa0,PFAS,b1670146-674a-4730-9e9d-d7d29ba52385,YES
5f9e574c-910c-4f2c-bd56-c8edb61c2d66,physical hazard,b1670146-674a-4730-9e9d-d7d29ba52385,YES
9952129e-a565-480f-a4af-ea93d64f3056,pictogram,b1670146-674a-4730-9e9d-d7d29ba52385,YES
dc3abe77-fc4d-4bae-b203-89b256cd0777,plank,b1670146-674a-4730-9e9d-d7d29ba52385,YES
f2eabee4-fd9b-43b6-966a-0ec2e831ef08,Planning,6dec10c7-41f0-4bdc-8305-75171ac3de04,NO
d55d216f-6e3c-4f8f-9dbb-37b091bac61e,Planning,b1670146-674a-4730-9e9d-d7d29ba52385,YES
b480a9ac-a769-47e2-9942-63e5f7535e45,Planning,070e3f2e-79cc-43ff-b0bb-1952a69cfc08,NO
626f7374-01c2-4939-b31b-d2a3b0d178ad,platform,b1670146-674a-4730-9e9d-d7d29ba52385,YES
8b690ab4-9de8-4203-9022-284fc37e0ab9,policy,b1670146-674a-4730-9e9d-d7d29ba52385,YES
7ff89688-ad1a-4c5b-8dcf-28f4510cbdbf,Policy,6dec10c7-41f0-4bdc-8305-75171ac3de04,NO
3f49f835-9602-4442-a6fa-fe325b14a2b8,Positive Mindset,b1670146-674a-4730-9e9d-d7d29ba52385,YES
d2dd247e-860a-4a9e-89d1-d6b941fcbc02,ppe,b1670146-674a-4730-9e9d-d7d29ba52385,YES
bda31979-ddce-43b8-9752-a7e160fed559,pre-planning,b1670146-674a-4730-9e9d-d7d29ba52385,YES
137eedbd-3360-42bd-8a05-7bf0d8539940,pre-task,b1670146-674a-4730-9e9d-d7d29ba52385,YES
9de498e5-e18b-40e4-960f-849c18e230ae,pre-task forms,b1670146-674a-4730-9e9d-d7d29ba52385,YES
41a3e8dd-5b4a-48d4-a3b3-41229a00b58b,precautionary statement,b1670146-674a-4730-9e9d-d7d29ba52385,YES
59cb59c9-bee2-44fb-a51a-d47ba3e89627,Preparedness,6dec10c7-41f0-4bdc-8305-75171ac3de04,NO
30180bdf-329a-421b-95a3-c2254d9623e9,Prevention,b1670146-674a-4730-9e9d-d7d29ba52385,YES
d475e9aa-356f-4a67-8b0c-594af2138d7b,Pricing,b1670146-674a-4730-9e9d-d7d29ba52385,YES
044cecda-2119-43b1-a47c-cad05d7f1012,prioritization,b1670146-674a-4730-9e9d-d7d29ba52385,YES
bd42d520-3975-4478-9688-11e038fe173c,Process,b1670146-674a-4730-9e9d-d7d29ba52385,YES
d42a1eb0-162d-4376-ac0a-27ce4b692c85,Process Improvement,b1670146-674a-4730-9e9d-d7d29ba52385,YES
01a623b5-af3d-4d89-8469-a8b8eec7e0cf,ProCore,b1670146-674a-4730-9e9d-d7d29ba52385,YES
ea6c87e5-b28e-4ee0-98b3-711368033c61,ProCore export,b1670146-674a-4730-9e9d-d7d29ba52385,YES
10dc15b0-7451-49d4-9cd3-473f26c29106,Production,070e3f2e-79cc-43ff-b0bb-1952a69cfc08,NO
ee63c475-1341-4246-ab20-5ed1bf9622eb,Production,6dec10c7-41f0-4bdc-8305-75171ac3de04,NO
f2dcedd2-3595-49a2-a962-cb6c1f0a6b1f,productivity,b1670146-674a-4730-9e9d-d7d29ba52385,YES
fddb2bd1-70a2-4ffb-8ba3-a2ed7d82f9b0,Professional ,6dec10c7-41f0-4bdc-8305-75171ac3de04,NO
1a5966b5-a4f7-4b60-a5d8-55596e8ef220,Professional Development,6dec10c7-41f0-4bdc-8305-75171ac3de04,NO
a6145576-2d4c-43dd-a516-c8b90ce03f54,Professional Tone,6dec10c7-41f0-4bdc-8305-75171ac3de04,NO
e2eab3b5-dff2-4df1-8730-f0d7ced331fa,program,b1670146-674a-4730-9e9d-d7d29ba52385,YES
1abb896e-1043-4c42-9dc4-93fd2ead61ec,program compliance,b1670146-674a-4730-9e9d-d7d29ba52385,YES
f9c37598-ddc1-474e-84ed-c7b2b85924dd,Progressive Discipline,b1670146-674a-4730-9e9d-d7d29ba52385,YES
1020323a-765b-489a-92c1-0027bf0a2373,project folder,b1670146-674a-4730-9e9d-d7d29ba52385,YES
800e1ffe-ce47-43f6-a094-541efcc231ee,Project History,6dec10c7-41f0-4bdc-8305-75171ac3de04,NO
002db0bc-c25e-4e19-8fa5-9ef990df7d21,project management,b1670146-674a-4730-9e9d-d7d29ba52385,YES
1ba14d52-0a29-4c04-8236-b9587aa1198d,Project Performance,6dec10c7-41f0-4bdc-8305-75171ac3de04,NO
77033a51-62ee-4a06-813d-3ad572901ee2,project planning,b1670146-674a-4730-9e9d-d7d29ba52385,YES
7bd88447-95aa-42ec-a670-b6e36bb1e5d0,project teams,b1670146-674a-4730-9e9d-d7d29ba52385,YES
9a6efb8d-f3da-4328-afe3-f06e553689f2,Projecting,6dec10c7-41f0-4bdc-8305-75171ac3de04,NO
7cdab063-f912-4d73-ab5f-93acd1ad2cda,Projection,6dec10c7-41f0-4bdc-8305-75171ac3de04,NO
9273135d-c249-4c20-b0be-d9616f30acce,Projections,070e3f2e-79cc-43ff-b0bb-1952a69cfc08,NO
371d73e4-fd2a-42e5-af9f-5f9e2e8e30b7,punch list,b1670146-674a-4730-9e9d-d7d29ba52385,YES
70fa4c82-3b31-400a-814d-f754053292d5,qualification/selection/evaluation,b1670146-674a-4730-9e9d-d7d29ba52385,YES
d8b09f0c-02e8-4c69-854f-df186da57474,qualified,b1670146-674a-4730-9e9d-d7d29ba52385,YES
3aa1babe-babd-4edf-a066-88428131be4e,qualified person,b1670146-674a-4730-9e9d-d7d29ba52385,YES
a16d5c23-5252-4fca-8100-10aea9be4aba,quality,b1670146-674a-4730-9e9d-d7d29ba52385,YES
cde69e1a-ac84-4ba5-8e93-f7613bd86eb4,Quality,6dec10c7-41f0-4bdc-8305-75171ac3de04,NO
e72e4a57-c2ca-467e-969d-52e441b77b2b,Quality Check,b1670146-674a-4730-9e9d-d7d29ba52385,YES
c9a50466-63bc-4148-abc0-1882465a717d,Railings,b1670146-674a-4730-9e9d-d7d29ba52385,YES
86bc0be9-661e-49d9-8f58-fdd6a76c8b26,rails,b1670146-674a-4730-9e9d-d7d29ba52385,YES
99a5094e-2fd1-44af-8853-76eb8cf4a48e,Rapport,b1670146-674a-4730-9e9d-d7d29ba52385,YES
15260bac-fd91-456c-830e-867acf07b841,Re-Cert,b1670146-674a-4730-9e9d-d7d29ba52385,YES
d1701746-777e-46fc-b3a4-6b554b6add66,Recognition,b1670146-674a-4730-9e9d-d7d29ba52385,YES
30aeb785-d90e-4c11-9abd-74d3e76186b3,Record-Keeping,b1670146-674a-4730-9e9d-d7d29ba52385,YES
152d18e1-3ac3-40f9-bd66-c146f11eff15,Recordkeeping,6dec10c7-41f0-4bdc-8305-75171ac3de04,NO
3eb5b468-bbef-480e-b50c-bf1f5c62a115,red master lock,b1670146-674a-4730-9e9d-d7d29ba52385,YES
40378d2c-ff91-444b-a0a9-c903dc59b4c0,Reflective Practices,b1670146-674a-4730-9e9d-d7d29ba52385,YES
d1961e0c-2010-41e3-8c1a-ea39a4d1658e,regulation,b1670146-674a-4730-9e9d-d7d29ba52385,YES
ec1256b9-e43e-45ac-aca5-ec0a2d6b3d47,Reliability,b1670146-674a-4730-9e9d-d7d29ba52385,YES
a6aebe9c-2291-43f6-ae1e-f4c2f9faff69,Remove Waste,6dec10c7-41f0-4bdc-8305-75171ac3de04,NO
a55b9705-2f4d-43ad-a7c8-12b6fd166d49,reporting,b1670146-674a-4730-9e9d-d7d29ba52385,YES
249f7cd6-33eb-4c56-a114-80bd6322b3da,Reporting,6dec10c7-41f0-4bdc-8305-75171ac3de04,NO
237f1d1f-27ae-4929-a095-714a320b0040,Resistance,b1670146-674a-4730-9e9d-d7d29ba52385,YES
1abd9dca-c0dd-4443-971c-a7bd721af292,Resolution,b1670146-674a-4730-9e9d-d7d29ba52385,YES
ec4d3ae9-dcce-4e22-b7ee-87735afd51a4,resource planning,b1670146-674a-4730-9e9d-d7d29ba52385,YES
e313d30f-a728-41b6-921d-7c675021bcbf,Respect,b1670146-674a-4730-9e9d-d7d29ba52385,YES
5678eab1-ab76-4a42-8bc4-3b8e968e46b7,Respect For People,b1670146-674a-4730-9e9d-d7d29ba52385,YES
030fd126-5f6d-4e6d-bc49-d414fc1d29d9,Respect for People,6dec10c7-41f0-4bdc-8305-75171ac3de04,NO
49cda5a2-e51d-4318-9d5d-763fce2b0289,Respectful Communication,6dec10c7-41f0-4bdc-8305-75171ac3de04,NO
083b2bb1-9c81-4804-98d6-1aab308fcf3d,Responsibility,b1670146-674a-4730-9e9d-d7d29ba52385,YES
1ab9f07d-1717-4f73-a6aa-d77e26e54436,Responsibility,6dec10c7-41f0-4bdc-8305-75171ac3de04,NO
056d2aae-6cb6-4376-9d87-a054e829ebcd,restricted,b1670146-674a-4730-9e9d-d7d29ba52385,YES
6472a910-182c-4a73-b462-2c563e178525,Return to Service,b1670146-674a-4730-9e9d-d7d29ba52385,YES
968aa9b0-a471-4503-b4b4-9edeb1fec5c7,review,b1670146-674a-4730-9e9d-d7d29ba52385,YES
98f62462-ed14-4cd5-8d26-561c63d05dbb,Revisions,6dec10c7-41f0-4bdc-8305-75171ac3de04,NO
9751fe62-58cc-45e0-83a7-6c344c6ab663,reward,b1670146-674a-4730-9e9d-d7d29ba52385,YES
7f353836-604b-4171-b052-4fe025d82df8,RFIs,6dec10c7-41f0-4bdc-8305-75171ac3de04,NO
1e5e0854-46a3-451b-81c2-b7403288e8dc,risk,b1670146-674a-4730-9e9d-d7d29ba52385,YES
4f31c147-5f1e-4fa0-979a-2d45bd011440,risk assessment,b1670146-674a-4730-9e9d-d7d29ba52385,YES
bee2670e-b0b1-4eaf-85a4-d61caa69b0a2,risk documentation,b1670146-674a-4730-9e9d-d7d29ba52385,YES
b43af5f6-779e-4963-89e6-d5643f406242,risk evaluation,b1670146-674a-4730-9e9d-d7d29ba52385,YES
a31ce360-b210-4f46-b56c-47fab65e210d,risk rating,b1670146-674a-4730-9e9d-d7d29ba52385,YES
ebfa61c3-aba9-4726-96f3-d5cabd3f24b6,roles,b1670146-674a-4730-9e9d-d7d29ba52385,YES
46f72933-bde4-4756-b002-5799d70dd1c1,safe work practices,b1670146-674a-4730-9e9d-d7d29ba52385,YES
52d958df-7531-48f5-9749-a31822e017b2,Safety,b1670146-674a-4730-9e9d-d7d29ba52385,YES
05f44446-15ef-42d5-9b55-d1c266d2ed67,Safety,6dec10c7-41f0-4bdc-8305-75171ac3de04,NO
4f294c58-4b58-40e4-a6f3-96ef469c01b6,safety apps,b1670146-674a-4730-9e9d-d7d29ba52385,YES
3a872eee-e30e-4a11-a168-e44d6b7f32f9,Safety Certified,6dec10c7-41f0-4bdc-8305-75171ac3de04,NO
8876c68a-3433-4ad9-860d-f47c1a0fad93,Safety Coordinator,6dec10c7-41f0-4bdc-8305-75171ac3de04,NO
24ee6caa-11a4-4b55-9b27-1f717606bf7d,safety culture,b1670146-674a-4730-9e9d-d7d29ba52385,YES
39e54c59-0f9a-4b22-b8a7-b1cc1a38355a,safety data sheet,b1670146-674a-4730-9e9d-d7d29ba52385,YES
451b6620-2725-4224-9aa1-baa946c9af0f,safety plan,b1670146-674a-4730-9e9d-d7d29ba52385,YES
f4f4ee77-70bb-43bb-a3e6-2f4ce7144304,safety process,b1670146-674a-4730-9e9d-d7d29ba52385,YES
c03e1f79-bbc7-4938-a5f5-8c246c911169,safety protocols,b1670146-674a-4730-9e9d-d7d29ba52385,YES
f884251e-38e2-49bb-916f-9ae14c3c4181,save,b1670146-674a-4730-9e9d-d7d29ba52385,YES
2e094544-4322-495d-82a0-838a20a38c3f,Scaffold,b1670146-674a-4730-9e9d-d7d29ba52385,YES
1cfcdd38-9a37-4b9b-b495-4c293b20124d,scaffolding,b1670146-674a-4730-9e9d-d7d29ba52385,YES
93fa1b14-8db3-4551-a169-60ec033558fb,Scheduling,6dec10c7-41f0-4bdc-8305-75171ac3de04,NO
b8349130-edf6-439d-ad6b-8578cca3f121,Scheduling,b1670146-674a-4730-9e9d-d7d29ba52385,YES
9c192e24-d467-4793-86e5-853b9f362624,screw jack,b1670146-674a-4730-9e9d-d7d29ba52385,YES
bcb75c1b-ea02-4a92-ad7a-dec3b50e9d93,SDS,b1670146-674a-4730-9e9d-d7d29ba52385,YES
781a8565-2674-4cb4-bdce-2fb7b91dedf1,Self-awareness,b1670146-674a-4730-9e9d-d7d29ba52385,YES
0f2d8615-655e-470b-a3a8-4d5ccd576b30,Self-Control,b1670146-674a-4730-9e9d-d7d29ba52385,YES
e95d1c00-f6f9-4604-b6b7-9b181b0c004e,Self-Management,b1670146-674a-4730-9e9d-d7d29ba52385,YES
b2a8d301-c140-4aa3-b22d-511237e807b0,setup,b1670146-674a-4730-9e9d-d7d29ba52385,YES
f98dea58-1347-4b02-8841-28129a05b2e7,setup report,b1670146-674a-4730-9e9d-d7d29ba52385,YES
80c5fddf-18e5-4216-8cf1-75623647e8dc,severe violations,b1670146-674a-4730-9e9d-d7d29ba52385,YES
a821e0db-a436-409c-b010-8a7914fec5ee,shared goals,b1670146-674a-4730-9e9d-d7d29ba52385,YES
7fc14971-9892-44ef-b44a-86096c9e01bf,shock,b1670146-674a-4730-9e9d-d7d29ba52385,YES
f3fb4c64-82f0-440a-965f-b71cd2e02471,shock risk,b1670146-674a-4730-9e9d-d7d29ba52385,YES
8eb31530-839a-4dbe-a1b7-73b3cd38a292,signage,b1670146-674a-4730-9e9d-d7d29ba52385,YES
d4c43141-2a35-44b5-8640-99f448902685,simple lockout,b1670146-674a-4730-9e9d-d7d29ba52385,YES
ce24b506-c18c-47e4-9dd0-a9c49c29a50e,site layout,b1670146-674a-4730-9e9d-d7d29ba52385,YES
05172218-d1a5-4780-b506-9d00e62d9a00,slips,b1670146-674a-4730-9e9d-d7d29ba52385,YES
3d9b4536-084e-40c4-b87b-ca63bcfce651,Social Skills,b1670146-674a-4730-9e9d-d7d29ba52385,YES
8e6114bb-0c59-4372-88b9-cb12c7fdc591,software,b1670146-674a-4730-9e9d-d7d29ba52385,YES
c832779e-e068-4c99-b48e-144fa9f699dc,Spreadsheet,b1670146-674a-4730-9e9d-d7d29ba52385,YES
2e72a330-9644-4bc2-983c-dd5446fe3a6e,Spreadsheet,6dec10c7-41f0-4bdc-8305-75171ac3de04,NO
5a179128-f912-4b51-ae12-1317199f4969,staging,b1670146-674a-4730-9e9d-d7d29ba52385,YES
f1aa786b-8c35-454b-bce4-88a583da5743,Standards,6dec10c7-41f0-4bdc-8305-75171ac3de04,NO
d74c1f6e-5665-4c59-8a02-f99b881c27d6,step planning,b1670146-674a-4730-9e9d-d7d29ba52385,YES
f16e63e9-2dcc-443a-a463-8b5c05ee1372,strategy,b1670146-674a-4730-9e9d-d7d29ba52385,YES
e04f659d-249c-4949-b82b-75e2cf657f43,strategy & improvement,b1670146-674a-4730-9e9d-d7d29ba52385,YES
be4b60a7-db46-47de-944f-57be6793d6f2,structure,b1670146-674a-4730-9e9d-d7d29ba52385,YES
86e292d9-5ad8-4aa4-bc2e-991cb20a8971,Structure,6dec10c7-41f0-4bdc-8305-75171ac3de04,NO
f43ebf52-3be3-4d8c-8c04-6f244a0e8c00,Structured Crews,b1670146-674a-4730-9e9d-d7d29ba52385,YES
d3ed368a-5265-4242-9e07-6934a2f52d58,sub-jobs,b1670146-674a-4730-9e9d-d7d29ba52385,YES
8a26e44f-5e69-4085-b5d1-c81ccfa29d21,Submittals,6dec10c7-41f0-4bdc-8305-75171ac3de04,NO
e4d5c343-70f6-4e49-ac3f-54fd0fa0de93,Succession Planning,b1670146-674a-4730-9e9d-d7d29ba52385,YES
b0da830d-67e2-46bb-8fbe-fcd7e49a2500,supervision,b1670146-674a-4730-9e9d-d7d29ba52385,YES
7192a7be-f948-4cbf-b813-d23baacdffa6,supervisor,b1670146-674a-4730-9e9d-d7d29ba52385,YES
9d2e4d7b-6a17-43fb-a83d-c6d69028dae9,supported,b1670146-674a-4730-9e9d-d7d29ba52385,YES
a5ae1398-6c07-483a-91d4-ed8417834555,System Navigation,6dec10c7-41f0-4bdc-8305-75171ac3de04,NO
9681c94b-806f-4a40-8beb-ec7a6b260d82,systems,b1670146-674a-4730-9e9d-d7d29ba52385,YES
44abac35-7279-464c-8afd-093ed5497021,table method,b1670146-674a-4730-9e9d-d7d29ba52385,YES
e8e2a9b7-bd6e-442f-88b2-118c5f81f365,tagout,b1670146-674a-4730-9e9d-d7d29ba52385,YES
cf8b48f8-f044-4412-ab91-e0d1b8fdf01c,Takeoff,b1670146-674a-4730-9e9d-d7d29ba52385,YES
d5d76d2b-375a-4982-b907-40c3a206e79d,task assignment,b1670146-674a-4730-9e9d-d7d29ba52385,YES
8618afeb-4f43-4e24-a48d-1e43cd3e6251,task lists,b1670146-674a-4730-9e9d-d7d29ba52385,YES
0900cd51-b5d1-4e57-8e8b-72e2357e93e4,task sequence,b1670146-674a-4730-9e9d-d7d29ba52385,YES
8be1ee34-64ce-439d-8871-454fcc1784a1,Teaching,6dec10c7-41f0-4bdc-8305-75171ac3de04,NO
4fc102d0-9417-4831-8882-a09ff264b614,Team Building,6dec10c7-41f0-4bdc-8305-75171ac3de04,NO
55de295a-aeb2-42eb-b31a-a67a6a2baf6e,Team Building,b1670146-674a-4730-9e9d-d7d29ba52385,YES
a401142f-15b7-459b-b81e-ea1f38deeef2,team development,b1670146-674a-4730-9e9d-d7d29ba52385,YES
e7c21480-ebaf-4052-badb-679c08cdca3c,Team Dynamics,b1670146-674a-4730-9e9d-d7d29ba52385,YES
b603a6c7-147f-4666-a349-dd6e91ca3f15,team management,b1670146-674a-4730-9e9d-d7d29ba52385,YES
1767ca52-a3d5-4812-b41c-4820b0344e87,team oversight,b1670146-674a-4730-9e9d-d7d29ba52385,YES
1dd6bc47-9393-49de-bedb-421cd2930cf3,Team Work,070e3f2e-79cc-43ff-b0bb-1952a69cfc08,NO
0fcceb3b-028b-4209-9883-9fe2178d85b4,Teams,b1670146-674a-4730-9e9d-d7d29ba52385,YES
ab2392ff-952d-48cc-bbf7-df1677cea35a,Teamwork,b1670146-674a-4730-9e9d-d7d29ba52385,YES
9c2bb0be-ec9e-41e1-974e-eb819d461a20,Technical Knowledge,e6eeedce-5092-416a-b16c-d1ca971f4587,NO
80d4004f-41bd-4bb0-8364-44c90ab329b3,technology,b1670146-674a-4730-9e9d-d7d29ba52385,YES
dad61306-aad0-4410-9a7e-c5dc4a78c46d,template,b1670146-674a-4730-9e9d-d7d29ba52385,YES
17028bed-ff92-44a3-9a10-091c40e9222c,Templates,6dec10c7-41f0-4bdc-8305-75171ac3de04,NO
7000f3f4-053e-4309-89eb-353f9e90bd5d,termination,b1670146-674a-4730-9e9d-d7d29ba52385,YES
2871ab13-6282-41c5-a604-11c925fde399,testing,b1670146-674a-4730-9e9d-d7d29ba52385,YES
a1e6dd45-123b-4c15-a38f-f473aa7ce9bf,The Waste of Defects/Rework ,6dec10c7-41f0-4bdc-8305-75171ac3de04,NO
a3d76cd4-6a0d-4146-8b1c-6813d73a2e9e,The Waste of Excess Inventory,6dec10c7-41f0-4bdc-8305-75171ac3de04,NO
242559e6-84cd-49b4-a0fa-a8d1aa884570,The Waste of Extra Processing,6dec10c7-41f0-4bdc-8305-75171ac3de04,NO
eb0f38cd-346b-4289-82fb-26ff6e7eb5ab,The Waste of Motion,6dec10c7-41f0-4bdc-8305-75171ac3de04,NO
90fdcb92-5230-47a9-b097-c1be876e62ab,The Waste of Overproduction/Underproduction,6dec10c7-41f0-4bdc-8305-75171ac3de04,NO
58a2eaf0-4ec1-406f-9d7f-64b6c92621eb,The Waste of Transportation,6dec10c7-41f0-4bdc-8305-75171ac3de04,NO
de3335ff-ec0f-46df-913a-dc700f7c3889,The Waste of Under-Utilizing Talent,6dec10c7-41f0-4bdc-8305-75171ac3de04,NO
5bfb46f7-153b-4132-88a6-22dbe503bb00,The Waste of Wating,6dec10c7-41f0-4bdc-8305-75171ac3de04,NO
cf3416e9-11fa-417b-bb71-4abcd701cddf,three-point rule,b1670146-674a-4730-9e9d-d7d29ba52385,YES
d9878454-bc88-445d-95ef-f2e32e96eab4,time wasters,b1670146-674a-4730-9e9d-d7d29ba52385,YES
b946b9c4-7a31-46c0-8dbe-ebfdef396f47,Timecard,6dec10c7-41f0-4bdc-8305-75171ac3de04,NO
b9766d50-89d7-41f1-9283-b7ea2bb9c403,Timekeeping,6dec10c7-41f0-4bdc-8305-75171ac3de04,NO
300c99c5-202e-4f24-8a6a-354a6912f28e,timing,b1670146-674a-4730-9e9d-d7d29ba52385,YES
8f538a97-1713-462a-af58-003dc862cee6,toxic,b1670146-674a-4730-9e9d-d7d29ba52385,YES
53887afa-0a04-4b22-bcd9-3354e7393cc3,Traceability,6dec10c7-41f0-4bdc-8305-75171ac3de04,NO
bfba2554-0659-4d9f-a3e8-df9375d3cee5,TRACK,b1670146-674a-4730-9e9d-d7d29ba52385,YES
268fbfc5-02b4-40c8-8b27-75013990f0a0,Tracking,6dec10c7-41f0-4bdc-8305-75171ac3de04,NO
e3b50f03-e933-4351-aa9d-aa9b8ce4774a,Tracking,070e3f2e-79cc-43ff-b0bb-1952a69cfc08,NO
da2c5ff2-fd45-4219-bc75-6d384655158e,Trade Coordination,b1670146-674a-4730-9e9d-d7d29ba52385,YES
2a2b26e7-8721-40cf-bc74-f01754f63d1b,training,b1670146-674a-4730-9e9d-d7d29ba52385,YES
b277749c-3e84-44f7-bfbb-5a47e0911d47,Transparancy,b1670146-674a-4730-9e9d-d7d29ba52385,YES
89885c7b-963d-4e88-868c-25eeb077cfa6,trips,b1670146-674a-4730-9e9d-d7d29ba52385,YES
98651dda-fe29-483c-8196-07c2eef475cb,Trust,6dec10c7-41f0-4bdc-8305-75171ac3de04,NO
d2b68e86-1cf1-49da-a701-7446650352d5,Trust,b1670146-674a-4730-9e9d-d7d29ba52385,YES
1df02088-e2be-409e-a088-a4078511f0a3,unit-quantity-based-budget,b1670146-674a-4730-9e9d-d7d29ba52385,YES
64959372-2377-44ce-8c07-105435dd7048,Values,b1670146-674a-4730-9e9d-d7d29ba52385,YES
b088f418-681c-47c7-a5b4-ea24974647d6,Values-Driven,b1670146-674a-4730-9e9d-d7d29ba52385,YES
7c0f480b-727b-4e46-89c0-044ba3cf2a66,Verbal,6dec10c7-41f0-4bdc-8305-75171ac3de04,NO
e82d28db-163e-4645-8117-4e9c733cb652,verification,b1670146-674a-4730-9e9d-d7d29ba52385,YES
d780fd6d-e614-440c-b054-6d4a4405bb36,Versioning,6dec10c7-41f0-4bdc-8305-75171ac3de04,NO
011c4620-29a9-4867-aeae-95f3c3bf6258,Viewpoint,b1670146-674a-4730-9e9d-d7d29ba52385,YES
c4eddc68-39df-46e1-95ea-bc75b9be6e1d,Vision,b1670146-674a-4730-9e9d-d7d29ba52385,YES
8757b266-fee1-4b99-aba7-4bd7912cb50c,Vista,b1670146-674a-4730-9e9d-d7d29ba52385,YES
0c7a22f0-d75e-4e09-aa85-44161bfca528,voltage tester,b1670146-674a-4730-9e9d-d7d29ba52385,YES
9d650b92-e372-4d2f-a5b7-3b820420dfce,walkthrough,b1670146-674a-4730-9e9d-d7d29ba52385,YES
530c9364-6ad2-496e-b17c-26792f6f21d6,Waste,6dec10c7-41f0-4bdc-8305-75171ac3de04,NO
8ef1f608-68b0-4bc7-9c6f-55541e38f84b,Waste,b1670146-674a-4730-9e9d-d7d29ba52385,YES
6f4ca63d-d128-4d55-bf9b-20832a616416,Word,b1670146-674a-4730-9e9d-d7d29ba52385,YES
62c4979d-29cc-49f1-93dd-e6cbd72e6b97,work environment,b1670146-674a-4730-9e9d-d7d29ba52385,YES
10466c21-bcce-4002-8591-4590fc167c31,Work Flow,6dec10c7-41f0-4bdc-8305-75171ac3de04,NO
361ef20c-dfb0-483d-9af3-397501073ddc,Workflow,b1670146-674a-4730-9e9d-d7d29ba52385,YES
9151b245-df4c-4c08-ae56-5bdf7f6a14ef,written plan,b1670146-674a-4730-9e9d-d7d29ba52385,YES
f5a142c6-5625-47df-82b6-979ad026e81d,written program,b1670146-674a-4730-9e9d-d7d29ba52385,YES
